S,2000,Vol Update,0.2
S,2000,Forecast;0;-5;-2500
S,2000,RiskAdmin;-200;200;-4;0;-2000;0
T,2000,CHI1~COLD,100000,100.0,100000,100.01
T,2000,CHI1~op1,100000,20.46,100000,21.7
T,2000,CHI1~op2,100000,10.64,100000,11.32
T,2000,CHI1~op3,100000,4.31,100000,4.58
T,2000,CHI1~op4,100000,1.12,100000,1.2
T,2000,CHI1~op5,100000,0.18,100000,0.21
T,2000,CHI1~op6,100000,19.05,100000,20.3
T,2000,CHI1~op7,100000,10.59,100000,11.29
T,2000,CHI1~op8,100000,4.94,100000,5.25
T,2000,CHI1~op9,100000,1.56,100000,1.67
T,2000,CHI1~op10,100000,0.39,100000,0.43
T,2000,IL1~COLD,100000,100.0,100000,100.01
T,2000,IL1~op1,100000,20.46,100000,21.7
T,2000,IL1~op2,100000,10.64,100000,11.32
T,2000,IL1~op3,100000,4.31,100000,4.58
T,2000,IL1~op4,100000,1.12,100000,1.2
T,2000,IL1~op5,100000,0.18,100000,0.21
T,2000,IL1~op6,100000,19.05,100000,20.3
T,2000,IL1~op7,100000,10.59,100000,11.29
T,2000,IL1~op8,100000,4.94,100000,5.25
T,2000,IL1~op9,100000,1.56,100000,1.67
T,2000,IL1~op10,100000,0.39,100000,0.43
S,4000,Vol Update,0.1972973
T,4000,CHI1~COLD,100000,99.45,100000,99.46000000000001
T,4000,CHI1~op1,100000,17.9,100000,19.11
T,4000,CHI1~op2,100000,10.4,100000,11.05
T,4000,CHI1~op3,100000,3.92,100000,4.18
T,4000,CHI1~op4,100000,0.89,100000,0.97
T,4000,CHI1~op5,100000,0.14,100000,0.17
T,4000,CHI1~op6,100000,19.14,100000,20.35
T,4000,CHI1~op7,100000,10.72,100000,11.39
T,4000,CHI1~op8,100000,4.59,100000,4.88
T,4000,CHI1~op9,100000,1.3,100000,1.4
T,4000,CHI1~op10,100000,0.29,100000,0.33
T,4000,IL1~COLD,100000,99.45,100000,99.46000000000001
T,4000,IL1~op1,100000,17.9,100000,19.11
T,4000,IL1~op2,100000,10.4,100000,11.05
T,4000,IL1~op3,100000,3.92,100000,4.18
T,4000,IL1~op4,100000,0.89,100000,0.97
T,4000,IL1~op5,100000,0.14,100000,0.17
T,4000,IL1~op6,100000,19.14,100000,20.35
T,4000,IL1~op7,100000,10.72,100000,11.39
T,4000,IL1~op8,100000,4.59,100000,4.88
T,4000,IL1~op9,100000,1.3,100000,1.4
T,4000,IL1~op10,100000,0.29,100000,0.33
S,6000,Vol Update,0.1945946
T,6000,CHI1~COLD,100000,98.68,100000,98.69000000000001
T,6000,CHI1~op1,100000,18.53,100000,19.68
T,6000,CHI1~op2,100000,9.68,100000,10.28
T,6000,CHI1~op3,100000,3.45,100000,3.68
T,6000,CHI1~op4,100000,0.75,100000,0.82
T,6000,CHI1~op5,100000,0.1,100000,0.12
T,6000,CHI1~op6,100000,19.07,100000,20.23
T,6000,CHI1~op7,100000,10.08,100000,10.71
T,6000,CHI1~op8,100000,4.0,100000,4.27
T,6000,CHI1~op9,100000,1.16,100000,1.25
T,6000,CHI1~op10,100000,0.22,100000,0.26
T,6000,IL1~COLD,100000,98.68,100000,98.69000000000001
T,6000,IL1~op1,100000,18.53,100000,19.68
T,6000,IL1~op2,100000,9.68,100000,10.28
T,6000,IL1~op3,100000,3.45,100000,3.68
T,6000,IL1~op4,100000,0.75,100000,0.82
T,6000,IL1~op5,100000,0.1,100000,0.12
T,6000,IL1~op6,100000,19.07,100000,20.23
T,6000,IL1~op7,100000,10.08,100000,10.71
T,6000,IL1~op8,100000,4.0,100000,4.27
T,6000,IL1~op9,100000,1.16,100000,1.25
T,6000,IL1~op10,100000,0.22,100000,0.26
S,8000,Vol Update,0.1918919
T,8000,CHI1~COLD,100000,98.37,100000,98.38000000000001
T,8000,CHI1~op1,100000,17.79,100000,18.93
T,8000,CHI1~op2,100000,9.46,100000,10.05
T,8000,CHI1~op3,100000,3.15,100000,3.36
T,8000,CHI1~op4,100000,0.64,100000,0.71
T,8000,CHI1~op5,100000,0.08,100000,0.1
T,8000,CHI1~op6,100000,18.35,100000,19.5
T,8000,CHI1~op7,100000,8.9,100000,9.52
T,8000,CHI1~op8,100000,3.66,100000,3.91
T,8000,CHI1~op9,100000,1.0,100000,1.08
T,8000,CHI1~op10,100000,0.19,100000,0.22
T,8000,IL1~COLD,100000,98.37,100000,98.38000000000001
T,8000,IL1~op1,100000,17.79,100000,18.93
T,8000,IL1~op2,100000,9.46,100000,10.05
T,8000,IL1~op3,100000,3.15,100000,3.36
T,8000,IL1~op4,100000,0.64,100000,0.71
T,8000,IL1~op5,100000,0.08,100000,0.1
T,8000,IL1~op6,100000,18.35,100000,19.5
T,8000,IL1~op7,100000,8.9,100000,9.52
T,8000,IL1~op8,100000,3.66,100000,3.91
T,8000,IL1~op9,100000,1.0,100000,1.08
T,8000,IL1~op10,100000,0.19,100000,0.22
S,10000,Vol Update,0.1891892
T,10000,CHI1~COLD,100000,97.69,100000,97.7
T,10000,CHI1~op1,100000,17.12,100000,18.22
T,10000,CHI1~op2,100000,8.21,100000,8.77
T,10000,CHI1~op3,100000,2.67,100000,2.86
T,10000,CHI1~op4,100000,0.54,100000,0.6
T,10000,CHI1~op5,100000,0.06,100000,0.08
T,10000,CHI1~op6,100000,17.07,100000,18.18
T,10000,CHI1~op7,100000,9.2,100000,9.78
T,10000,CHI1~op8,100000,3.37,100000,3.6
T,10000,CHI1~op9,100000,0.85,100000,0.93
T,10000,CHI1~op10,100000,0.14,100000,0.17
T,10000,IL1~COLD,100000,97.69,100000,97.7
T,10000,IL1~op1,100000,17.12,100000,18.22
T,10000,IL1~op2,100000,8.21,100000,8.77
T,10000,IL1~op3,100000,2.67,100000,2.86
T,10000,IL1~op4,100000,0.54,100000,0.6
T,10000,IL1~op5,100000,0.06,100000,0.08
T,10000,IL1~op6,100000,17.07,100000,18.18
T,10000,IL1~op7,100000,9.2,100000,9.78
T,10000,IL1~op8,100000,3.37,100000,3.6
T,10000,IL1~op9,100000,0.85,100000,0.93
T,10000,IL1~op10,100000,0.14,100000,0.17
S,12000,Vol Update,0.1864865
T,12000,CHI1~COLD,100000,95.55,100000,95.56
T,12000,CHI1~op1,100000,15.68,100000,16.65
T,12000,CHI1~op2,100000,6.83,100000,7.27
T,12000,CHI1~op3,100000,1.9,100000,2.03
T,12000,CHI1~op4,100000,0.28,100000,0.32
T,12000,CHI1~op5,100000,0.02,100000,0.04
T,12000,CHI1~op6,100000,16.0,100000,16.98
T,12000,CHI1~op7,100000,7.32,100000,7.79
T,12000,CHI1~op8,100000,2.37,100000,2.54
T,12000,CHI1~op9,100000,0.55,100000,0.6
T,12000,CHI1~op10,100000,0.07,100000,0.09
T,12000,IL1~COLD,100000,95.55,100000,95.56
T,12000,IL1~op1,100000,15.68,100000,16.65
T,12000,IL1~op2,100000,6.83,100000,7.27
T,12000,IL1~op3,100000,1.9,100000,2.03
T,12000,IL1~op4,100000,0.28,100000,0.32
T,12000,IL1~op5,100000,0.02,100000,0.04
T,12000,IL1~op6,100000,16.0,100000,16.98
T,12000,IL1~op7,100000,7.32,100000,7.79
T,12000,IL1~op8,100000,2.37,100000,2.54
T,12000,IL1~op9,100000,0.55,100000,0.6
T,12000,IL1~op10,100000,0.07,100000,0.09
S,14000,Vol Update,0.1837838
T,14000,CHI1~COLD,100000,96.12,100000,96.13000000000001
T,14000,CHI1~op1,100000,15.79,100000,16.79
T,14000,CHI1~op2,100000,7.39,100000,7.86
T,14000,CHI1~op3,100000,2.06,100000,2.21
T,14000,CHI1~op4,100000,0.32,100000,0.36
T,14000,CHI1~op5,100000,0.02,100000,0.04
T,14000,CHI1~op6,100000,16.37,100000,17.38
T,14000,CHI1~op7,100000,7.53,100000,8.03
T,14000,CHI1~op8,100000,2.58,100000,2.76
T,14000,CHI1~op9,100000,0.55,100000,0.6
T,14000,CHI1~op10,100000,0.08,100000,0.1
T,14000,IL1~COLD,100000,96.12,100000,96.13000000000001
T,14000,IL1~op1,100000,15.79,100000,16.79
T,14000,IL1~op2,100000,7.39,100000,7.86
T,14000,IL1~op3,100000,2.06,100000,2.21
T,14000,IL1~op4,100000,0.32,100000,0.36
T,14000,IL1~op5,100000,0.02,100000,0.04
T,14000,IL1~op6,100000,16.37,100000,17.38
T,14000,IL1~op7,100000,7.53,100000,8.03
T,14000,IL1~op8,100000,2.58,100000,2.76
T,14000,IL1~op9,100000,0.55,100000,0.6
T,14000,IL1~op10,100000,0.08,100000,0.1
S,16000,Vol Update,0.1810811
T,16000,CHI1~COLD,100000,99.48,100000,99.49000000000001
T,16000,CHI1~op1,100000,19.37,100000,20.57
T,16000,CHI1~op2,100000,9.93,100000,10.56
T,16000,CHI1~op3,100000,3.47,100000,3.7
T,16000,CHI1~op4,100000,0.65,100000,0.71
T,16000,CHI1~op5,100000,0.07,100000,0.09
T,16000,CHI1~op6,100000,18.89,100000,20.09
T,16000,CHI1~op7,100000,10.44,100000,11.09
T,16000,CHI1~op8,100000,4.23,100000,4.49
T,16000,CHI1~op9,100000,0.92,100000,1.0
T,16000,CHI1~op10,100000,0.16,100000,0.19
T,16000,IL1~COLD,100000,99.48,100000,99.49000000000001
T,16000,IL1~op1,100000,19.37,100000,20.57
T,16000,IL1~op2,100000,9.93,100000,10.56
T,16000,IL1~op3,100000,3.47,100000,3.7
T,16000,IL1~op4,100000,0.65,100000,0.71
T,16000,IL1~op5,100000,0.07,100000,0.09
T,16000,IL1~op6,100000,18.89,100000,20.09
T,16000,IL1~op7,100000,10.44,100000,11.09
T,16000,IL1~op8,100000,4.23,100000,4.49
T,16000,IL1~op9,100000,0.92,100000,1.0
T,16000,IL1~op10,100000,0.16,100000,0.19
S,18000,Vol Update,0.17837840000000002
T,18000,CHI1~COLD,100000,101.8,100000,101.81
T,18000,CHI1~op1,100000,21.66,100000,23.0
T,18000,CHI1~op2,100000,11.66,100000,12.42
T,18000,CHI1~op3,100000,4.59,100000,4.89
T,18000,CHI1~op4,100000,1.03,100000,1.11
T,18000,CHI1~op5,100000,0.12,100000,0.15
T,18000,CHI1~op6,100000,21.44,100000,22.78
T,18000,CHI1~op7,100000,12.48,100000,13.26
T,18000,CHI1~op8,100000,4.89,100000,5.23
T,18000,CHI1~op9,100000,1.42,100000,1.53
T,18000,CHI1~op10,100000,0.28,100000,0.32
T,18000,IL1~COLD,100000,101.8,100000,101.81
T,18000,IL1~op1,100000,21.66,100000,23.0
T,18000,IL1~op2,100000,11.66,100000,12.42
T,18000,IL1~op3,100000,4.59,100000,4.89
T,18000,IL1~op4,100000,1.03,100000,1.11
T,18000,IL1~op5,100000,0.12,100000,0.15
T,18000,IL1~op6,100000,21.44,100000,22.78
T,18000,IL1~op7,100000,12.48,100000,13.26
T,18000,IL1~op8,100000,4.89,100000,5.23
T,18000,IL1~op9,100000,1.42,100000,1.53
T,18000,IL1~op10,100000,0.28,100000,0.32
S,20000,Vol Update,0.17567570000000002
T,20000,CHI1~COLD,100000,99.84,100000,99.85000000000001
T,20000,CHI1~op1,100000,19.03,100000,20.25
T,20000,CHI1~op2,100000,10.35,100000,11.0
T,20000,CHI1~op3,100000,3.21,100000,3.44
T,20000,CHI1~op4,100000,0.59,100000,0.65
T,20000,CHI1~op5,100000,0.06,100000,0.09
T,20000,CHI1~op6,100000,19.96,100000,21.19
T,20000,CHI1~op7,100000,10.52,100000,11.19
T,20000,CHI1~op8,100000,3.95,100000,4.22
T,20000,CHI1~op9,100000,0.97,100000,1.05
T,20000,CHI1~op10,100000,0.15,100000,0.18
T,20000,IL1~COLD,100000,99.84,100000,99.85000000000001
T,20000,IL1~op1,100000,19.03,100000,20.25
T,20000,IL1~op2,100000,10.35,100000,11.0
T,20000,IL1~op3,100000,3.21,100000,3.44
T,20000,IL1~op4,100000,0.59,100000,0.65
T,20000,IL1~op5,100000,0.06,100000,0.09
T,20000,IL1~op6,100000,19.96,100000,21.19
T,20000,IL1~op7,100000,10.52,100000,11.19
T,20000,IL1~op8,100000,3.95,100000,4.22
T,20000,IL1~op9,100000,0.97,100000,1.05
T,20000,IL1~op10,100000,0.15,100000,0.18
S,22000,Vol Update,0.17297300000000002
T,22000,CHI1~COLD,100000,99.25,100000,99.26
T,22000,CHI1~op1,100000,19.62,100000,20.81
T,22000,CHI1~op2,100000,9.73,100000,10.35
T,22000,CHI1~op3,100000,2.98,100000,3.19
T,22000,CHI1~op4,100000,0.5,100000,0.55
T,22000,CHI1~op5,100000,0.04,100000,0.06
T,22000,CHI1~op6,100000,19.18,100000,20.37
T,22000,CHI1~op7,100000,9.94,100000,10.58
T,22000,CHI1~op8,100000,3.5,100000,3.74
T,22000,CHI1~op9,100000,0.81,100000,0.88
T,22000,CHI1~op10,100000,0.1,100000,0.13
T,22000,IL1~COLD,100000,99.25,100000,99.26
T,22000,IL1~op1,100000,19.62,100000,20.81
T,22000,IL1~op2,100000,9.73,100000,10.35
T,22000,IL1~op3,100000,2.98,100000,3.19
T,22000,IL1~op4,100000,0.5,100000,0.55
T,22000,IL1~op5,100000,0.04,100000,0.06
T,22000,IL1~op6,100000,19.18,100000,20.37
T,22000,IL1~op7,100000,9.94,100000,10.58
T,22000,IL1~op8,100000,3.5,100000,3.74
T,22000,IL1~op9,100000,0.81,100000,0.88
T,22000,IL1~op10,100000,0.1,100000,0.13
S,24000,Vol Update,0.1702703
T,24000,CHI1~COLD,100000,100.23,100000,100.24000000000001
T,24000,CHI1~op1,100000,21.11,100000,22.36
T,24000,CHI1~op2,100000,10.4,100000,11.07
T,24000,CHI1~op3,100000,3.28,100000,3.52
T,24000,CHI1~op4,100000,0.57,100000,0.63
T,24000,CHI1~op5,100000,0.05,100000,0.07
T,24000,CHI1~op6,100000,19.85,100000,21.1
T,24000,CHI1~op7,100000,10.71,100000,11.39
T,24000,CHI1~op8,100000,3.97,100000,4.23
T,24000,CHI1~op9,100000,0.91,100000,0.99
T,24000,CHI1~op10,100000,0.13,100000,0.16
T,24000,IL1~COLD,100000,100.23,100000,100.24000000000001
T,24000,IL1~op1,100000,21.11,100000,22.36
T,24000,IL1~op2,100000,10.4,100000,11.07
T,24000,IL1~op3,100000,3.28,100000,3.52
T,24000,IL1~op4,100000,0.57,100000,0.63
T,24000,IL1~op5,100000,0.05,100000,0.07
T,24000,IL1~op6,100000,19.85,100000,21.1
T,24000,IL1~op7,100000,10.71,100000,11.39
T,24000,IL1~op8,100000,3.97,100000,4.23
T,24000,IL1~op9,100000,0.91,100000,0.99
T,24000,IL1~op10,100000,0.13,100000,0.16
S,26000,Vol Update,0.1675676
T,26000,CHI1~COLD,100000,101.59,100000,101.60000000000001
T,26000,CHI1~op1,100000,21.26,100000,22.58
T,26000,CHI1~op2,100000,11.42,100000,12.17
T,26000,CHI1~op3,100000,4.08,100000,4.35
T,26000,CHI1~op4,100000,0.75,100000,0.82
T,26000,CHI1~op5,100000,0.07,100000,0.09
T,26000,CHI1~op6,100000,22.65,100000,23.99
T,26000,CHI1~op7,100000,12.03,100000,12.79
T,26000,CHI1~op8,100000,4.57,100000,4.88
T,26000,CHI1~op9,100000,1.12,100000,1.21
T,26000,CHI1~op10,100000,0.16,100000,0.19
T,26000,IL1~COLD,100000,101.59,100000,101.60000000000001
T,26000,IL1~op1,100000,21.26,100000,22.58
T,26000,IL1~op2,100000,11.42,100000,12.17
T,26000,IL1~op3,100000,4.08,100000,4.35
T,26000,IL1~op4,100000,0.75,100000,0.82
T,26000,IL1~op5,100000,0.07,100000,0.09
T,26000,IL1~op6,100000,22.65,100000,23.99
T,26000,IL1~op7,100000,12.03,100000,12.79
T,26000,IL1~op8,100000,4.57,100000,4.88
T,26000,IL1~op9,100000,1.12,100000,1.21
T,26000,IL1~op10,100000,0.16,100000,0.19
S,28000,Vol Update,0.1648649
T,28000,CHI1~COLD,100000,99.62,100000,99.63000000000001
T,28000,CHI1~op1,100000,18.66,100000,19.86
T,28000,CHI1~op2,100000,9.58,100000,10.21
T,28000,CHI1~op3,100000,3.07,100000,3.28
T,28000,CHI1~op4,100000,0.42,100000,0.47
T,28000,CHI1~op5,100000,0.02,100000,0.04
T,28000,CHI1~op6,100000,18.62,100000,19.83
T,28000,CHI1~op7,100000,9.78,100000,10.43
T,28000,CHI1~op8,100000,3.5,100000,3.74
T,28000,CHI1~op9,100000,0.76,100000,0.83
T,28000,CHI1~op10,100000,0.08,100000,0.1
T,28000,IL1~COLD,100000,99.62,100000,99.63000000000001
T,28000,IL1~op1,100000,18.66,100000,19.86
T,28000,IL1~op2,100000,9.58,100000,10.21
T,28000,IL1~op3,100000,3.07,100000,3.28
T,28000,IL1~op4,100000,0.42,100000,0.47
T,28000,IL1~op5,100000,0.02,100000,0.04
T,28000,IL1~op6,100000,18.62,100000,19.83
T,28000,IL1~op7,100000,9.78,100000,10.43
T,28000,IL1~op8,100000,3.5,100000,3.74
T,28000,IL1~op9,100000,0.76,100000,0.83
T,28000,IL1~op10,100000,0.08,100000,0.1
S,30000,Vol Update,0.1621622
T,30000,CHI1~COLD,100000,100.17,100000,100.18
T,30000,CHI1~op1,100000,19.69,100000,20.93
T,30000,CHI1~op2,100000,10.48,100000,11.13
T,30000,CHI1~op3,100000,3.22,100000,3.44
T,30000,CHI1~op4,100000,0.46,100000,0.51
T,30000,CHI1~op5,100000,0.02,100000,0.04
T,30000,CHI1~op6,100000,19.62,100000,20.86
T,30000,CHI1~op7,100000,10.47,100000,11.15
T,30000,CHI1~op8,100000,3.7,100000,3.95
T,30000,CHI1~op9,100000,0.78,100000,0.85
T,30000,CHI1~op10,100000,0.09,100000,0.11
T,30000,IL1~COLD,100000,100.17,100000,100.18
T,30000,IL1~op1,100000,19.69,100000,20.93
T,30000,IL1~op2,100000,10.48,100000,11.13
T,30000,IL1~op3,100000,3.22,100000,3.44
T,30000,IL1~op4,100000,0.46,100000,0.51
T,30000,IL1~op5,100000,0.02,100000,0.04
T,30000,IL1~op6,100000,19.62,100000,20.86
T,30000,IL1~op7,100000,10.47,100000,11.15
T,30000,IL1~op8,100000,3.7,100000,3.95
T,30000,IL1~op9,100000,0.78,100000,0.85
T,30000,IL1~op10,100000,0.09,100000,0.11
S,32000,Vol Update,0.1594595
T,32000,CHI1~COLD,100000,98.9,100000,98.91000000000001
T,32000,CHI1~op1,100000,18.23,100000,19.39
T,32000,CHI1~op2,100000,8.55,100000,9.13
T,32000,CHI1~op3,100000,2.6,100000,2.78
T,32000,CHI1~op4,100000,0.31,100000,0.35
T,32000,CHI1~op5,100000,0.01,100000,0.03
T,32000,CHI1~op6,100000,19.66,100000,20.83
T,32000,CHI1~op7,100000,9.3,100000,9.91
T,32000,CHI1~op8,100000,3.13,100000,3.34
T,32000,CHI1~op9,100000,0.55,100000,0.6
T,32000,CHI1~op10,100000,0.05,100000,0.07
T,32000,IL1~COLD,100000,98.9,100000,98.91000000000001
T,32000,IL1~op1,100000,18.23,100000,19.39
T,32000,IL1~op2,100000,8.55,100000,9.13
T,32000,IL1~op3,100000,2.6,100000,2.78
T,32000,IL1~op4,100000,0.31,100000,0.35
T,32000,IL1~op5,100000,0.01,100000,0.03
T,32000,IL1~op6,100000,19.66,100000,20.83
T,32000,IL1~op7,100000,9.3,100000,9.91
T,32000,IL1~op8,100000,3.13,100000,3.34
T,32000,IL1~op9,100000,0.55,100000,0.6
T,32000,IL1~op10,100000,0.05,100000,0.07
S,34000,Vol Update,0.1567568
T,34000,CHI1~COLD,100000,97.6,100000,97.61
T,34000,CHI1~op1,100000,17.44,100000,18.52
T,34000,CHI1~op2,100000,7.97,100000,8.49
T,34000,CHI1~op3,100000,1.82,100000,1.96
T,34000,CHI1~op4,100000,0.17,100000,0.21
T,34000,CHI1~op5,100000,0.0,100000,0.02
T,34000,CHI1~op6,100000,17.34,100000,18.43
T,34000,CHI1~op7,100000,8.36,100000,8.89
T,34000,CHI1~op8,100000,2.29,100000,2.46
T,34000,CHI1~op9,100000,0.35,100000,0.4
T,34000,CHI1~op10,100000,0.02,100000,0.04
T,34000,IL1~COLD,100000,97.6,100000,97.61
T,34000,IL1~op1,100000,17.44,100000,18.52
T,34000,IL1~op2,100000,7.97,100000,8.49
T,34000,IL1~op3,100000,1.82,100000,1.96
T,34000,IL1~op4,100000,0.17,100000,0.21
T,34000,IL1~op5,100000,0.0,100000,0.02
T,34000,IL1~op6,100000,17.34,100000,18.43
T,34000,IL1~op7,100000,8.36,100000,8.89
T,34000,IL1~op8,100000,2.29,100000,2.46
T,34000,IL1~op9,100000,0.35,100000,0.4
T,34000,IL1~op10,100000,0.02,100000,0.04
S,36000,Vol Update,0.1540541
T,36000,CHI1~COLD,100000,97.61,100000,97.62
T,36000,CHI1~op1,100000,17.31,100000,18.4
T,36000,CHI1~op2,100000,7.62,100000,8.13
T,36000,CHI1~op3,100000,1.91,100000,2.05
T,36000,CHI1~op4,100000,0.16,100000,0.19
T,36000,CHI1~op5,100000,0.0,100000,0.02
T,36000,CHI1~op6,100000,18.2,100000,19.29
T,36000,CHI1~op7,100000,8.07,100000,8.6
T,36000,CHI1~op8,100000,2.26,100000,2.42
T,36000,CHI1~op9,100000,0.33,100000,0.37
T,36000,CHI1~op10,100000,0.02,100000,0.04
T,36000,IL1~COLD,100000,97.61,100000,97.62
T,36000,IL1~op1,100000,17.31,100000,18.4
T,36000,IL1~op2,100000,7.62,100000,8.13
T,36000,IL1~op3,100000,1.91,100000,2.05
T,36000,IL1~op4,100000,0.16,100000,0.19
T,36000,IL1~op5,100000,0.0,100000,0.02
T,36000,IL1~op6,100000,18.2,100000,19.29
T,36000,IL1~op7,100000,8.07,100000,8.6
T,36000,IL1~op8,100000,2.26,100000,2.42
T,36000,IL1~op9,100000,0.33,100000,0.37
T,36000,IL1~op10,100000,0.02,100000,0.04
S,38000,Vol Update,0.15135140000000002
T,38000,CHI1~COLD,100000,98.4,100000,98.41000000000001
T,38000,CHI1~op1,100000,17.16,100000,18.29
T,38000,CHI1~op2,100000,9.16,100000,9.72
T,38000,CHI1~op3,100000,2.04,100000,2.19
T,38000,CHI1~op4,100000,0.18,100000,0.21
T,38000,CHI1~op5,100000,0.0,100000,0.02
T,38000,CHI1~op6,100000,19.44,100000,20.58
T,38000,CHI1~op7,100000,8.46,100000,9.04
T,38000,CHI1~op8,100000,2.72,100000,2.9
T,38000,CHI1~op9,100000,0.37,100000,0.42
T,38000,CHI1~op10,100000,0.02,100000,0.04
T,38000,IL1~COLD,100000,98.4,100000,98.41000000000001
T,38000,IL1~op1,100000,17.16,100000,18.29
T,38000,IL1~op2,100000,9.16,100000,9.72
T,38000,IL1~op3,100000,2.04,100000,2.19
T,38000,IL1~op4,100000,0.18,100000,0.21
T,38000,IL1~op5,100000,0.0,100000,0.02
T,38000,IL1~op6,100000,19.44,100000,20.58
T,38000,IL1~op7,100000,8.46,100000,9.04
T,38000,IL1~op8,100000,2.72,100000,2.9
T,38000,IL1~op9,100000,0.37,100000,0.42
T,38000,IL1~op10,100000,0.02,100000,0.04
S,40000,Vol Update,0.14864870000000002
T,40000,CHI1~COLD,100000,94.4,100000,94.41000000000001
T,40000,CHI1~op1,100000,14.55,100000,15.44
T,40000,CHI1~op2,100000,5.34,100000,5.69
T,40000,CHI1~op3,100000,0.78,100000,0.84
T,40000,CHI1~op4,100000,0.03,100000,0.05
T,40000,CHI1~op5,100000,0.0,100000,0.02
T,40000,CHI1~op6,100000,14.87,100000,15.77
T,40000,CHI1~op7,100000,5.84,100000,6.21
T,40000,CHI1~op8,100000,1.21,100000,1.3
T,40000,CHI1~op9,100000,0.09,100000,0.12
T,40000,CHI1~op10,100000,0.0,100000,0.02
T,40000,IL1~COLD,100000,94.4,100000,94.41000000000001
T,40000,IL1~op1,100000,14.55,100000,15.44
T,40000,IL1~op2,100000,5.34,100000,5.69
T,40000,IL1~op3,100000,0.78,100000,0.84
T,40000,IL1~op4,100000,0.03,100000,0.05
T,40000,IL1~op5,100000,0.0,100000,0.02
T,40000,IL1~op6,100000,14.87,100000,15.77
T,40000,IL1~op7,100000,5.84,100000,6.21
T,40000,IL1~op8,100000,1.21,100000,1.3
T,40000,IL1~op9,100000,0.09,100000,0.12
T,40000,IL1~op10,100000,0.0,100000,0.02
S,42000,Vol Update,0.14594600000000002
T,42000,CHI1~COLD,100000,93.62,100000,93.63000000000001
T,42000,CHI1~op1,100000,13.12,100000,13.97
T,42000,CHI1~op2,100000,4.62,100000,4.94
T,42000,CHI1~op3,100000,0.58,100000,0.64
T,42000,CHI1~op4,100000,0.01,100000,0.03
T,42000,CHI1~op5,100000,0.0,100000,0.02
T,42000,CHI1~op6,100000,13.98,100000,14.83
T,42000,CHI1~op7,100000,5.04,100000,5.38
T,42000,CHI1~op8,100000,0.92,100000,1.0
T,42000,CHI1~op9,100000,0.06,100000,0.08
T,42000,CHI1~op10,100000,0.0,100000,0.02
T,42000,IL1~COLD,100000,93.62,100000,93.63000000000001
T,42000,IL1~op1,100000,13.12,100000,13.97
T,42000,IL1~op2,100000,4.62,100000,4.94
T,42000,IL1~op3,100000,0.58,100000,0.64
T,42000,IL1~op4,100000,0.01,100000,0.03
T,42000,IL1~op5,100000,0.0,100000,0.02
T,42000,IL1~op6,100000,13.98,100000,14.83
T,42000,IL1~op7,100000,5.04,100000,5.38
T,42000,IL1~op8,100000,0.92,100000,1.0
T,42000,IL1~op9,100000,0.06,100000,0.08
T,42000,IL1~op10,100000,0.0,100000,0.02
S,44000,Vol Update,0.14324330000000002
T,44000,CHI1~COLD,100000,94.1,100000,94.11
T,44000,CHI1~op1,100000,15.29,100000,16.17
T,44000,CHI1~op2,100000,5.05,100000,5.38
T,44000,CHI1~op3,100000,0.61,100000,0.67
T,44000,CHI1~op4,100000,0.01,100000,0.03
T,44000,CHI1~op5,100000,0.0,100000,0.02
T,44000,CHI1~op6,100000,14.52,100000,15.41
T,44000,CHI1~op7,100000,5.24,100000,5.59
T,44000,CHI1~op8,100000,1.02,100000,1.1
T,44000,CHI1~op9,100000,0.06,100000,0.08
T,44000,CHI1~op10,100000,0.0,100000,0.02
T,44000,IL1~COLD,100000,94.1,100000,94.11
T,44000,IL1~op1,100000,15.29,100000,16.17
T,44000,IL1~op2,100000,5.05,100000,5.38
T,44000,IL1~op3,100000,0.61,100000,0.67
T,44000,IL1~op4,100000,0.01,100000,0.03
T,44000,IL1~op5,100000,0.0,100000,0.02
T,44000,IL1~op6,100000,14.52,100000,15.41
T,44000,IL1~op7,100000,5.24,100000,5.59
T,44000,IL1~op8,100000,1.02,100000,1.1
T,44000,IL1~op9,100000,0.06,100000,0.08
T,44000,IL1~op10,100000,0.0,100000,0.02
S,46000,Vol Update,0.14054060000000002
T,46000,CHI1~COLD,100000,93.4,100000,93.41000000000001
T,46000,CHI1~op1,100000,13.43,100000,14.27
T,46000,CHI1~op2,100000,4.21,100000,4.5
T,46000,CHI1~op3,100000,0.48,100000,0.53
T,46000,CHI1~op4,100000,0.0,100000,0.02
T,46000,CHI1~op5,100000,0.0,100000,0.02
T,46000,CHI1~op6,100000,13.55,100000,14.39
T,46000,CHI1~op7,100000,5.1,100000,5.42
T,46000,CHI1~op8,100000,0.73,100000,0.79
T,46000,CHI1~op9,100000,0.04,100000,0.06
T,46000,CHI1~op10,100000,0.0,100000,0.02
T,46000,IL1~COLD,100000,93.4,100000,93.41000000000001
T,46000,IL1~op1,100000,13.43,100000,14.27
T,46000,IL1~op2,100000,4.21,100000,4.5
T,46000,IL1~op3,100000,0.48,100000,0.53
T,46000,IL1~op4,100000,0.0,100000,0.02
T,46000,IL1~op5,100000,0.0,100000,0.02
T,46000,IL1~op6,100000,13.55,100000,14.39
T,46000,IL1~op7,100000,5.1,100000,5.42
T,46000,IL1~op8,100000,0.73,100000,0.79
T,46000,IL1~op9,100000,0.04,100000,0.06
T,46000,IL1~op10,100000,0.0,100000,0.02
S,48000,Vol Update,0.1378379
T,48000,CHI1~COLD,100000,92.16,100000,92.17
T,48000,CHI1~op1,100000,12.13,100000,12.89
T,48000,CHI1~op2,100000,3.46,100000,3.7
T,48000,CHI1~op3,100000,0.28,100000,0.32
T,48000,CHI1~op4,100000,0.0,100000,0.02
T,48000,CHI1~op5,100000,0.0,100000,0.02
T,48000,CHI1~op6,100000,11.91,100000,12.68
T,48000,CHI1~op7,100000,3.88,100000,4.14
T,48000,CHI1~op8,100000,0.5,100000,0.55
T,48000,CHI1~op9,100000,0.01,100000,0.03
T,48000,CHI1~op10,100000,0.0,100000,0.02
T,48000,IL1~COLD,100000,92.16,100000,92.17
T,48000,IL1~op1,100000,12.13,100000,12.89
T,48000,IL1~op2,100000,3.46,100000,3.7
T,48000,IL1~op3,100000,0.28,100000,0.32
T,48000,IL1~op4,100000,0.0,100000,0.02
T,48000,IL1~op5,100000,0.0,100000,0.02
T,48000,IL1~op6,100000,11.91,100000,12.68
T,48000,IL1~op7,100000,3.88,100000,4.14
T,48000,IL1~op8,100000,0.5,100000,0.55
T,48000,IL1~op9,100000,0.01,100000,0.03
T,48000,IL1~op10,100000,0.0,100000,0.02
S,50000,Vol Update,0.1351352
T,50000,CHI1~COLD,100000,94.73,100000,94.74000000000001
T,50000,CHI1~op1,100000,14.81,100000,15.73
T,50000,CHI1~op2,100000,5.32,100000,5.67
T,50000,CHI1~op3,100000,0.62,100000,0.68
T,50000,CHI1~op4,100000,0.01,100000,0.03
T,50000,CHI1~op5,100000,0.0,100000,0.02
T,50000,CHI1~op6,100000,14.85,100000,15.77
T,50000,CHI1~op7,100000,5.38,100000,5.75
T,50000,CHI1~op8,100000,0.92,100000,1.0
T,50000,CHI1~op9,100000,0.05,100000,0.07
T,50000,CHI1~op10,100000,0.0,100000,0.02
T,50000,IL1~COLD,100000,94.73,100000,94.74000000000001
T,50000,IL1~op1,100000,14.81,100000,15.73
T,50000,IL1~op2,100000,5.32,100000,5.67
T,50000,IL1~op3,100000,0.62,100000,0.68
T,50000,IL1~op4,100000,0.01,100000,0.03
T,50000,IL1~op5,100000,0.0,100000,0.02
T,50000,IL1~op6,100000,14.85,100000,15.77
T,50000,IL1~op7,100000,5.38,100000,5.75
T,50000,IL1~op8,100000,0.92,100000,1.0
T,50000,IL1~op9,100000,0.05,100000,0.07
T,50000,IL1~op10,100000,0.0,100000,0.02
S,52000,Vol Update,0.1324325
T,52000,CHI1~COLD,100000,92.7,100000,92.71000000000001
T,52000,CHI1~op1,100000,12.97,100000,13.76
T,52000,CHI1~op2,100000,3.6,100000,3.85
T,52000,CHI1~op3,100000,0.29,100000,0.33
T,52000,CHI1~op4,100000,0.0,100000,0.02
T,52000,CHI1~op5,100000,0.0,100000,0.02
T,52000,CHI1~op6,100000,11.75,100000,12.55
T,52000,CHI1~op7,100000,4.33,100000,4.61
T,52000,CHI1~op8,100000,0.52,100000,0.58
T,52000,CHI1~op9,100000,0.01,100000,0.03
T,52000,CHI1~op10,100000,0.0,100000,0.02
T,52000,IL1~COLD,100000,92.7,100000,92.71000000000001
T,52000,IL1~op1,100000,12.97,100000,13.76
T,52000,IL1~op2,100000,3.6,100000,3.85
T,52000,IL1~op3,100000,0.29,100000,0.33
T,52000,IL1~op4,100000,0.0,100000,0.02
T,52000,IL1~op5,100000,0.0,100000,0.02
T,52000,IL1~op6,100000,11.75,100000,12.55
T,52000,IL1~op7,100000,4.33,100000,4.61
T,52000,IL1~op8,100000,0.52,100000,0.58
T,52000,IL1~op9,100000,0.01,100000,0.03
T,52000,IL1~op10,100000,0.0,100000,0.02
S,54000,Vol Update,0.1297298
T,54000,CHI1~COLD,100000,92.69,100000,92.7
T,54000,CHI1~op1,100000,12.11,100000,12.9
T,54000,CHI1~op2,100000,3.8,100000,4.05
T,54000,CHI1~op3,100000,0.25,100000,0.28
T,54000,CHI1~op4,100000,0.0,100000,0.02
T,54000,CHI1~op5,100000,0.0,100000,0.02
T,54000,CHI1~op6,100000,12.19,100000,12.99
T,54000,CHI1~op7,100000,4.01,100000,4.29
T,54000,CHI1~op8,100000,0.5,100000,0.54
T,54000,CHI1~op9,100000,0.01,100000,0.03
T,54000,CHI1~op10,100000,0.0,100000,0.02
T,54000,IL1~COLD,100000,92.69,100000,92.7
T,54000,IL1~op1,100000,12.11,100000,12.9
T,54000,IL1~op2,100000,3.8,100000,4.05
T,54000,IL1~op3,100000,0.25,100000,0.28
T,54000,IL1~op4,100000,0.0,100000,0.02
T,54000,IL1~op5,100000,0.0,100000,0.02
T,54000,IL1~op6,100000,12.19,100000,12.99
T,54000,IL1~op7,100000,4.01,100000,4.29
T,54000,IL1~op8,100000,0.5,100000,0.54
T,54000,IL1~op9,100000,0.01,100000,0.03
T,54000,IL1~op10,100000,0.0,100000,0.02
S,56000,Vol Update,0.1270271
T,56000,CHI1~COLD,100000,91.93,100000,91.94000000000001
T,56000,CHI1~op1,100000,13.08,100000,13.83
T,56000,CHI1~op2,100000,3.08,100000,3.3
T,56000,CHI1~op3,100000,0.16,100000,0.19
T,56000,CHI1~op4,100000,0.0,100000,0.02
T,56000,CHI1~op5,100000,0.0,100000,0.02
T,56000,CHI1~op6,100000,12.3,100000,13.05
T,56000,CHI1~op7,100000,3.59,100000,3.83
T,56000,CHI1~op8,100000,0.32,100000,0.36
T,56000,CHI1~op9,100000,0.0,100000,0.02
T,56000,CHI1~op10,100000,0.0,100000,0.02
T,56000,IL1~COLD,100000,91.93,100000,91.94000000000001
T,56000,IL1~op1,100000,13.08,100000,13.83
T,56000,IL1~op2,100000,3.08,100000,3.3
T,56000,IL1~op3,100000,0.16,100000,0.19
T,56000,IL1~op4,100000,0.0,100000,0.02
T,56000,IL1~op5,100000,0.0,100000,0.02
T,56000,IL1~op6,100000,12.3,100000,13.05
T,56000,IL1~op7,100000,3.59,100000,3.83
T,56000,IL1~op8,100000,0.32,100000,0.36
T,56000,IL1~op9,100000,0.0,100000,0.02
T,56000,IL1~op10,100000,0.0,100000,0.02
S,58000,Vol Update,0.1243244
T,58000,CHI1~COLD,100000,93.3,100000,93.31
T,58000,CHI1~op1,100000,13.62,100000,14.44
T,58000,CHI1~op2,100000,4.12,100000,4.39
T,58000,CHI1~op3,100000,0.27,100000,0.3
T,58000,CHI1~op4,100000,0.0,100000,0.02
T,58000,CHI1~op5,100000,0.0,100000,0.02
T,58000,CHI1~op6,100000,13.1,100000,13.93
T,58000,CHI1~op7,100000,4.56,100000,4.86
T,58000,CHI1~op8,100000,0.49,100000,0.54
T,58000,CHI1~op9,100000,0.0,100000,0.02
T,58000,CHI1~op10,100000,0.0,100000,0.02
T,58000,IL1~COLD,100000,93.3,100000,93.31
T,58000,IL1~op1,100000,13.62,100000,14.44
T,58000,IL1~op2,100000,4.12,100000,4.39
T,58000,IL1~op3,100000,0.27,100000,0.3
T,58000,IL1~op4,100000,0.0,100000,0.02
T,58000,IL1~op5,100000,0.0,100000,0.02
T,58000,IL1~op6,100000,13.1,100000,13.93
T,58000,IL1~op7,100000,4.56,100000,4.86
T,58000,IL1~op8,100000,0.49,100000,0.54
T,58000,IL1~op9,100000,0.0,100000,0.02
T,58000,IL1~op10,100000,0.0,100000,0.02
S,60000,Vol Update,0.12162170000000001
T,60000,CHI1~COLD,100000,94.35,100000,94.36
T,60000,CHI1~op1,100000,13.62,100000,14.51
T,60000,CHI1~op2,100000,5.33,100000,5.65
T,60000,CHI1~op3,100000,0.39,100000,0.43
T,60000,CHI1~op4,100000,0.0,100000,0.02
T,60000,CHI1~op5,100000,0.0,100000,0.02
T,60000,CHI1~op6,100000,14.94,100000,15.83
T,60000,CHI1~op7,100000,5.29,100000,5.63
T,60000,CHI1~op8,100000,0.62,100000,0.67
T,60000,CHI1~op9,100000,0.01,100000,0.03
T,60000,CHI1~op10,100000,0.0,100000,0.02
T,60000,IL1~COLD,100000,94.35,100000,94.36
T,60000,IL1~op1,100000,13.62,100000,14.51
T,60000,IL1~op2,100000,5.33,100000,5.65
T,60000,IL1~op3,100000,0.39,100000,0.43
T,60000,IL1~op4,100000,0.0,100000,0.02
T,60000,IL1~op5,100000,0.0,100000,0.02
T,60000,IL1~op6,100000,14.94,100000,15.83
T,60000,IL1~op7,100000,5.29,100000,5.63
T,60000,IL1~op8,100000,0.62,100000,0.67
T,60000,IL1~op9,100000,0.01,100000,0.03
T,60000,IL1~op10,100000,0.0,100000,0.02
S,62000,Vol Update,0.11891900000000001
T,62000,CHI1~COLD,100000,95.28,100000,95.29
T,62000,CHI1~op1,100000,15.43,100000,16.37
T,62000,CHI1~op2,100000,5.5,100000,5.87
T,62000,CHI1~op3,100000,0.5,100000,0.55
T,62000,CHI1~op4,100000,0.0,100000,0.02
T,62000,CHI1~op5,100000,0.0,100000,0.02
T,62000,CHI1~op6,100000,14.69,100000,15.64
T,62000,CHI1~op7,100000,5.62,100000,6.0
T,62000,CHI1~op8,100000,0.79,100000,0.86
T,62000,CHI1~op9,100000,0.01,100000,0.03
T,62000,CHI1~op10,100000,0.0,100000,0.02
T,62000,IL1~COLD,100000,95.28,100000,95.29
T,62000,IL1~op1,100000,15.43,100000,16.37
T,62000,IL1~op2,100000,5.5,100000,5.87
T,62000,IL1~op3,100000,0.5,100000,0.55
T,62000,IL1~op4,100000,0.0,100000,0.02
T,62000,IL1~op5,100000,0.0,100000,0.02
T,62000,IL1~op6,100000,14.69,100000,15.64
T,62000,IL1~op7,100000,5.62,100000,6.0
T,62000,IL1~op8,100000,0.79,100000,0.86
T,62000,IL1~op9,100000,0.01,100000,0.03
T,62000,IL1~op10,100000,0.0,100000,0.02
S,64000,Vol Update,0.11621630000000001
T,64000,CHI1~COLD,100000,98.72,100000,98.73
T,64000,CHI1~op1,100000,18.14,100000,19.29
T,64000,CHI1~op2,100000,8.64,100000,9.2
T,64000,CHI1~op3,100000,1.45,100000,1.56
T,64000,CHI1~op4,100000,0.02,100000,0.04
T,64000,CHI1~op5,100000,0.0,100000,0.02
T,64000,CHI1~op6,100000,18.29,100000,19.45
T,64000,CHI1~op7,100000,8.55,100000,9.12
T,64000,CHI1~op8,100000,1.94,100000,2.08
T,64000,CHI1~op9,100000,0.09,100000,0.11
T,64000,CHI1~op10,100000,0.0,100000,0.02
T,64000,IL1~COLD,100000,98.72,100000,98.73
T,64000,IL1~op1,100000,18.14,100000,19.29
T,64000,IL1~op2,100000,8.64,100000,9.2
T,64000,IL1~op3,100000,1.45,100000,1.56
T,64000,IL1~op4,100000,0.02,100000,0.04
T,64000,IL1~op5,100000,0.0,100000,0.02
T,64000,IL1~op6,100000,18.29,100000,19.45
T,64000,IL1~op7,100000,8.55,100000,9.12
T,64000,IL1~op8,100000,1.94,100000,2.08
T,64000,IL1~op9,100000,0.09,100000,0.11
T,64000,IL1~op10,100000,0.0,100000,0.02
S,66000,Vol Update,0.1135136
T,66000,CHI1~COLD,100000,99.92,100000,99.93
T,66000,CHI1~op1,100000,19.8,100000,21.03
T,66000,CHI1~op2,100000,9.64,100000,10.26
T,66000,CHI1~op3,100000,1.84,100000,1.98
T,66000,CHI1~op4,100000,0.04,100000,0.06
T,66000,CHI1~op5,100000,0.0,100000,0.02
T,66000,CHI1~op6,100000,19.5,100000,20.73
T,66000,CHI1~op7,100000,10.24,100000,10.88
T,66000,CHI1~op8,100000,2.33,100000,2.49
T,66000,CHI1~op9,100000,0.13,100000,0.16
T,66000,CHI1~op10,100000,0.0,100000,0.02
T,66000,IL1~COLD,100000,99.92,100000,99.93
T,66000,IL1~op1,100000,19.8,100000,21.03
T,66000,IL1~op2,100000,9.64,100000,10.26
T,66000,IL1~op3,100000,1.84,100000,1.98
T,66000,IL1~op4,100000,0.04,100000,0.06
T,66000,IL1~op5,100000,0.0,100000,0.02
T,66000,IL1~op6,100000,19.5,100000,20.73
T,66000,IL1~op7,100000,10.24,100000,10.88
T,66000,IL1~op8,100000,2.33,100000,2.49
T,66000,IL1~op9,100000,0.13,100000,0.16
T,66000,IL1~op10,100000,0.0,100000,0.02
S,68000,Vol Update,0.1108109
T,68000,CHI1~COLD,100000,101.29,100000,101.30000000000001
T,68000,CHI1~op1,100000,21.47,100000,22.77
T,68000,CHI1~op2,100000,11.49,100000,12.2
T,68000,CHI1~op3,100000,2.46,100000,2.64
T,68000,CHI1~op4,100000,0.08,100000,0.1
T,68000,CHI1~op5,100000,0.0,100000,0.02
T,68000,CHI1~op6,100000,22.0,100000,23.31
T,68000,CHI1~op7,100000,11.24,100000,11.96
T,68000,CHI1~op8,100000,3.1,100000,3.3
T,68000,CHI1~op9,100000,0.2,100000,0.23
T,68000,CHI1~op10,100000,0.0,100000,0.02
T,68000,IL1~COLD,100000,101.29,100000,101.30000000000001
T,68000,IL1~op1,100000,21.47,100000,22.77
T,68000,IL1~op2,100000,11.49,100000,12.2
T,68000,IL1~op3,100000,2.46,100000,2.64
T,68000,IL1~op4,100000,0.08,100000,0.1
T,68000,IL1~op5,100000,0.0,100000,0.02
T,68000,IL1~op6,100000,22.0,100000,23.31
T,68000,IL1~op7,100000,11.24,100000,11.96
T,68000,IL1~op8,100000,3.1,100000,3.3
T,68000,IL1~op9,100000,0.2,100000,0.23
T,68000,IL1~op10,100000,0.0,100000,0.02
S,70000,Vol Update,0.1081082
T,70000,CHI1~COLD,100000,99.78,100000,99.79
T,70000,CHI1~op1,100000,18.76,100000,19.97
T,70000,CHI1~op2,100000,9.5,100000,10.12
T,70000,CHI1~op3,100000,1.77,100000,1.9
T,70000,CHI1~op4,100000,0.02,100000,0.04
T,70000,CHI1~op5,100000,0.0,100000,0.02
T,70000,CHI1~op6,100000,19.43,100000,20.65
T,70000,CHI1~op7,100000,9.36,100000,9.98
T,70000,CHI1~op8,100000,2.1,100000,2.25
T,70000,CHI1~op9,100000,0.09,100000,0.11
T,70000,CHI1~op10,100000,0.0,100000,0.02
T,70000,IL1~COLD,100000,99.78,100000,99.79
T,70000,IL1~op1,100000,18.76,100000,19.97
T,70000,IL1~op2,100000,9.5,100000,10.12
T,70000,IL1~op3,100000,1.77,100000,1.9
T,70000,IL1~op4,100000,0.02,100000,0.04
T,70000,IL1~op5,100000,0.0,100000,0.02
T,70000,IL1~op6,100000,19.43,100000,20.65
T,70000,IL1~op7,100000,9.36,100000,9.98
T,70000,IL1~op8,100000,2.1,100000,2.25
T,70000,IL1~op9,100000,0.09,100000,0.11
T,70000,IL1~op10,100000,0.0,100000,0.02
S,72000,Vol Update,0.1054055
T,72000,CHI1~COLD,100000,99.17,100000,99.18
T,72000,CHI1~op1,100000,18.24,100000,19.42
T,72000,CHI1~op2,100000,9.33,100000,9.91
T,72000,CHI1~op3,100000,1.42,100000,1.52
T,72000,CHI1~op4,100000,0.01,100000,0.03
T,72000,CHI1~op5,100000,0.0,100000,0.02
T,72000,CHI1~op6,100000,19.7,100000,20.88
T,72000,CHI1~op7,100000,9.57,100000,10.16
T,72000,CHI1~op8,100000,1.8,100000,1.93
T,72000,CHI1~op9,100000,0.05,100000,0.07
T,72000,CHI1~op10,100000,0.0,100000,0.02
T,72000,IL1~COLD,100000,99.17,100000,99.18
T,72000,IL1~op1,100000,18.24,100000,19.42
T,72000,IL1~op2,100000,9.33,100000,9.91
T,72000,IL1~op3,100000,1.42,100000,1.52
T,72000,IL1~op4,100000,0.01,100000,0.03
T,72000,IL1~op5,100000,0.0,100000,0.02
T,72000,IL1~op6,100000,19.7,100000,20.88
T,72000,IL1~op7,100000,9.57,100000,10.16
T,72000,IL1~op8,100000,1.8,100000,1.93
T,72000,IL1~op9,100000,0.05,100000,0.07
T,72000,IL1~op10,100000,0.0,100000,0.02
S,74000,Vol Update,0.10270280000000001
T,74000,CHI1~COLD,100000,102.33,100000,102.34
T,74000,CHI1~op1,100000,22.09,100000,23.46
T,74000,CHI1~op2,100000,11.85,100000,12.62
T,74000,CHI1~op3,100000,3.3,100000,3.51
T,74000,CHI1~op4,100000,0.07,100000,0.1
T,74000,CHI1~op5,100000,0.0,100000,0.02
T,74000,CHI1~op6,100000,22.2,100000,23.58
T,74000,CHI1~op7,100000,11.94,100000,12.72
T,74000,CHI1~op8,100000,3.67,100000,3.91
T,74000,CHI1~op9,100000,0.22,100000,0.26
T,74000,CHI1~op10,100000,0.0,100000,0.02
T,74000,IL1~COLD,100000,102.33,100000,102.34
T,74000,IL1~op1,100000,22.09,100000,23.46
T,74000,IL1~op2,100000,11.85,100000,12.62
T,74000,IL1~op3,100000,3.3,100000,3.51
T,74000,IL1~op4,100000,0.07,100000,0.1
T,74000,IL1~op5,100000,0.0,100000,0.02
T,74000,IL1~op6,100000,22.2,100000,23.58
T,74000,IL1~op7,100000,11.94,100000,12.72
T,74000,IL1~op8,100000,3.67,100000,3.91
T,74000,IL1~op9,100000,0.22,100000,0.26
T,74000,IL1~op10,100000,0.0,100000,0.02
S,76000,Vol Update,0.10270280000000001
S,76000,Forecast;0;20;0
S,76000,RiskAdmin;-300;300;0;20;-3000;3000
T,76000,CHI1~COLD,100000,102.15,100000,102.16000000000001
T,76000,CHI1~op1,100000,21.04,100000,22.4
T,76000,CHI1~op2,100000,12.09,100000,12.85
T,76000,CHI1~op3,100000,2.81,100000,3.01
T,76000,CHI1~op4,100000,0.07,100000,0.09
T,76000,CHI1~op5,100000,0.0,100000,0.02
T,76000,CHI1~op6,100000,21.41,100000,22.78
T,76000,CHI1~op7,100000,12.11,100000,12.88
T,76000,CHI1~op8,100000,3.39,100000,3.62
T,76000,CHI1~op9,100000,0.2,100000,0.24
T,76000,CHI1~op10,100000,0.0,100000,0.02
T,76000,IL1~COLD,100000,102.15,100000,102.16000000000001
T,76000,IL1~op1,100000,21.04,100000,22.4
T,76000,IL1~op2,100000,12.09,100000,12.85
T,76000,IL1~op3,100000,2.81,100000,3.01
T,76000,IL1~op4,100000,0.07,100000,0.09
T,76000,IL1~op5,100000,0.0,100000,0.02
T,76000,IL1~op6,100000,21.41,100000,22.78
T,76000,IL1~op7,100000,12.11,100000,12.88
T,76000,IL1~op8,100000,3.39,100000,3.62
T,76000,IL1~op9,100000,0.2,100000,0.24
T,76000,IL1~op10,100000,0.0,100000,0.02
S,78000,Vol Update,0.10270280000000001
T,78000,CHI1~COLD,100000,100.66,100000,100.67
T,78000,CHI1~op1,100000,21.55,100000,22.81
T,78000,CHI1~op2,100000,10.49,100000,11.16
T,78000,CHI1~op3,100000,2.07,100000,2.22
T,78000,CHI1~op4,100000,0.02,100000,0.04
T,78000,CHI1~op5,100000,0.0,100000,0.02
T,78000,CHI1~op6,100000,19.8,100000,21.07
T,78000,CHI1~op7,100000,10.64,100000,11.31
T,78000,CHI1~op8,100000,2.61,100000,2.79
T,78000,CHI1~op9,100000,0.09,100000,0.11
T,78000,CHI1~op10,100000,0.0,100000,0.02
T,78000,IL1~COLD,100000,100.66,100000,100.67
T,78000,IL1~op1,100000,21.55,100000,22.81
T,78000,IL1~op2,100000,10.49,100000,11.16
T,78000,IL1~op3,100000,2.07,100000,2.22
T,78000,IL1~op4,100000,0.02,100000,0.04
T,78000,IL1~op5,100000,0.0,100000,0.02
T,78000,IL1~op6,100000,19.8,100000,21.07
T,78000,IL1~op7,100000,10.64,100000,11.31
T,78000,IL1~op8,100000,2.61,100000,2.79
T,78000,IL1~op9,100000,0.09,100000,0.11
T,78000,IL1~op10,100000,0.0,100000,0.02
S,80000,Vol Update,0.10270280000000001
T,80000,CHI1~COLD,100000,100.74,100000,100.75
T,80000,CHI1~op1,100000,19.83,100000,21.11
T,80000,CHI1~op2,100000,10.29,100000,10.96
T,80000,CHI1~op3,100000,2.04,100000,2.19
T,80000,CHI1~op4,100000,0.02,100000,0.04
T,80000,CHI1~op5,100000,0.0,100000,0.02
T,80000,CHI1~op6,100000,20.36,100000,21.63
T,80000,CHI1~op7,100000,9.94,100000,10.62
T,80000,CHI1~op8,100000,2.33,100000,2.5
T,80000,CHI1~op9,100000,0.09,100000,0.11
T,80000,CHI1~op10,100000,0.0,100000,0.02
T,80000,IL1~COLD,100000,100.74,100000,100.75
T,80000,IL1~op1,100000,19.83,100000,21.11
T,80000,IL1~op2,100000,10.29,100000,10.96
T,80000,IL1~op3,100000,2.04,100000,2.19
T,80000,IL1~op4,100000,0.02,100000,0.04
T,80000,IL1~op5,100000,0.0,100000,0.02
T,80000,IL1~op6,100000,20.36,100000,21.63
T,80000,IL1~op7,100000,9.94,100000,10.62
T,80000,IL1~op8,100000,2.33,100000,2.5
T,80000,IL1~op9,100000,0.09,100000,0.11
T,80000,IL1~op10,100000,0.0,100000,0.02
S,82000,Vol Update,0.10270280000000001
T,82000,CHI1~COLD,100000,99.5,100000,99.51
T,82000,CHI1~op1,100000,19.82,100000,21.02
T,82000,CHI1~op2,100000,9.24,100000,9.84
T,82000,CHI1~op3,100000,1.44,100000,1.55
T,82000,CHI1~op4,100000,0.0,100000,0.02
T,82000,CHI1~op5,100000,0.0,100000,0.02
T,82000,CHI1~op6,100000,18.62,100000,19.82
T,82000,CHI1~op7,100000,9.27,100000,9.88
T,82000,CHI1~op8,100000,1.85,100000,1.99
T,82000,CHI1~op9,100000,0.04,100000,0.06
T,82000,CHI1~op10,100000,0.0,100000,0.02
T,82000,IL1~COLD,100000,99.5,100000,99.51
T,82000,IL1~op1,100000,19.82,100000,21.02
T,82000,IL1~op2,100000,9.24,100000,9.84
T,82000,IL1~op3,100000,1.44,100000,1.55
T,82000,IL1~op4,100000,0.0,100000,0.02
T,82000,IL1~op5,100000,0.0,100000,0.02
T,82000,IL1~op6,100000,18.62,100000,19.82
T,82000,IL1~op7,100000,9.27,100000,9.88
T,82000,IL1~op8,100000,1.85,100000,1.99
T,82000,IL1~op9,100000,0.04,100000,0.06
T,82000,IL1~op10,100000,0.0,100000,0.02
S,84000,Vol Update,0.10270280000000001
T,84000,CHI1~COLD,100000,98.66,100000,98.67
T,84000,CHI1~op1,100000,18.32,100000,19.47
T,84000,CHI1~op2,100000,9.14,100000,9.69
T,84000,CHI1~op3,100000,1.04,100000,1.12
T,84000,CHI1~op4,100000,0.0,100000,0.02
T,84000,CHI1~op5,100000,0.0,100000,0.02
T,84000,CHI1~op6,100000,18.34,100000,19.49
T,84000,CHI1~op7,100000,9.04,100000,9.6
T,84000,CHI1~op8,100000,1.45,100000,1.56
T,84000,CHI1~op9,100000,0.02,100000,0.04
T,84000,CHI1~op10,100000,0.0,100000,0.02
T,84000,IL1~COLD,100000,98.66,100000,98.67
T,84000,IL1~op1,100000,18.32,100000,19.47
T,84000,IL1~op2,100000,9.14,100000,9.69
T,84000,IL1~op3,100000,1.04,100000,1.12
T,84000,IL1~op4,100000,0.0,100000,0.02
T,84000,IL1~op5,100000,0.0,100000,0.02
T,84000,IL1~op6,100000,18.34,100000,19.49
T,84000,IL1~op7,100000,9.04,100000,9.6
T,84000,IL1~op8,100000,1.45,100000,1.56
T,84000,IL1~op9,100000,0.02,100000,0.04
T,84000,IL1~op10,100000,0.0,100000,0.02
S,86000,Vol Update,0.10270280000000001
T,86000,CHI1~COLD,100000,96.61,100000,96.62
T,86000,CHI1~op1,100000,16.38,100000,17.4
T,86000,CHI1~op2,100000,6.52,100000,6.95
T,86000,CHI1~op3,100000,0.47,100000,0.52
T,86000,CHI1~op4,100000,0.0,100000,0.02
T,86000,CHI1~op5,100000,0.0,100000,0.02
T,86000,CHI1~op6,100000,16.48,100000,17.51
T,86000,CHI1~op7,100000,6.51,100000,6.95
T,86000,CHI1~op8,100000,0.73,100000,0.8
T,86000,CHI1~op9,100000,0.0,100000,0.02
T,86000,CHI1~op10,100000,0.0,100000,0.02
T,86000,IL1~COLD,100000,96.61,100000,96.62
T,86000,IL1~op1,100000,16.38,100000,17.4
T,86000,IL1~op2,100000,6.52,100000,6.95
T,86000,IL1~op3,100000,0.47,100000,0.52
T,86000,IL1~op4,100000,0.0,100000,0.02
T,86000,IL1~op5,100000,0.0,100000,0.02
T,86000,IL1~op6,100000,16.48,100000,17.51
T,86000,IL1~op7,100000,6.51,100000,6.95
T,86000,IL1~op8,100000,0.73,100000,0.8
T,86000,IL1~op9,100000,0.0,100000,0.02
T,86000,IL1~op10,100000,0.0,100000,0.02
S,88000,Vol Update,0.10270280000000001
T,88000,CHI1~COLD,100000,97.6,100000,97.61
T,88000,CHI1~op1,100000,18.18,100000,19.26
T,88000,CHI1~op2,100000,7.45,100000,7.94
T,88000,CHI1~op3,100000,0.65,100000,0.71
T,88000,CHI1~op4,100000,0.0,100000,0.02
T,88000,CHI1~op5,100000,0.0,100000,0.02
T,88000,CHI1~op6,100000,16.65,100000,17.74
T,88000,CHI1~op7,100000,7.87,100000,8.37
T,88000,CHI1~op8,100000,1.05,100000,1.13
T,88000,CHI1~op9,100000,0.01,100000,0.03
T,88000,CHI1~op10,100000,0.0,100000,0.02
T,88000,IL1~COLD,100000,97.6,100000,97.61
T,88000,IL1~op1,100000,18.18,100000,19.26
T,88000,IL1~op2,100000,7.45,100000,7.94
T,88000,IL1~op3,100000,0.65,100000,0.71
T,88000,IL1~op4,100000,0.0,100000,0.02
T,88000,IL1~op5,100000,0.0,100000,0.02
T,88000,IL1~op6,100000,16.65,100000,17.74
T,88000,IL1~op7,100000,7.87,100000,8.37
T,88000,IL1~op8,100000,1.05,100000,1.13
T,88000,IL1~op9,100000,0.01,100000,0.03
T,88000,IL1~op10,100000,0.0,100000,0.02
S,90000,Vol Update,0.10270280000000001
T,90000,CHI1~COLD,100000,96.14,100000,96.15
T,90000,CHI1~op1,100000,15.66,100000,16.65
T,90000,CHI1~op2,100000,5.98,100000,6.38
T,90000,CHI1~op3,100000,0.37,100000,0.41
T,90000,CHI1~op4,100000,0.0,100000,0.02
T,90000,CHI1~op5,100000,0.0,100000,0.02
T,90000,CHI1~op6,100000,15.93,100000,16.93
T,90000,CHI1~op7,100000,6.59,100000,7.0
T,90000,CHI1~op8,100000,0.59,100000,0.65
T,90000,CHI1~op9,100000,0.0,100000,0.02
T,90000,CHI1~op10,100000,0.0,100000,0.02
T,90000,IL1~COLD,100000,96.14,100000,96.15
T,90000,IL1~op1,100000,15.66,100000,16.65
T,90000,IL1~op2,100000,5.98,100000,6.38
T,90000,IL1~op3,100000,0.37,100000,0.41
T,90000,IL1~op4,100000,0.0,100000,0.02
T,90000,IL1~op5,100000,0.0,100000,0.02
T,90000,IL1~op6,100000,15.93,100000,16.93
T,90000,IL1~op7,100000,6.59,100000,7.0
T,90000,IL1~op8,100000,0.59,100000,0.65
T,90000,IL1~op9,100000,0.0,100000,0.02
T,90000,IL1~op10,100000,0.0,100000,0.02
S,92000,Vol Update,0.10270280000000001
T,92000,CHI1~COLD,100000,99.34,100000,99.35000000000001
T,92000,CHI1~op1,100000,19.07,100000,20.26
T,92000,CHI1~op2,100000,8.87,100000,9.46
T,92000,CHI1~op3,100000,1.26,100000,1.36
T,92000,CHI1~op4,100000,0.0,100000,0.02
T,92000,CHI1~op5,100000,0.0,100000,0.02
T,92000,CHI1~op6,100000,18.86,100000,20.05
T,92000,CHI1~op7,100000,9.35,100000,9.94
T,92000,CHI1~op8,100000,1.64,100000,1.76
T,92000,CHI1~op9,100000,0.03,100000,0.05
T,92000,CHI1~op10,100000,0.0,100000,0.02
T,92000,IL1~COLD,100000,99.34,100000,99.35000000000001
T,92000,IL1~op1,100000,19.07,100000,20.26
T,92000,IL1~op2,100000,8.87,100000,9.46
T,92000,IL1~op3,100000,1.26,100000,1.36
T,92000,IL1~op4,100000,0.0,100000,0.02
T,92000,IL1~op5,100000,0.0,100000,0.02
T,92000,IL1~op6,100000,18.86,100000,20.05
T,92000,IL1~op7,100000,9.35,100000,9.94
T,92000,IL1~op8,100000,1.64,100000,1.76
T,92000,IL1~op9,100000,0.03,100000,0.05
T,92000,IL1~op10,100000,0.0,100000,0.02
S,94000,Vol Update,0.10270280000000001
T,94000,CHI1~COLD,100000,96.26,100000,96.27000000000001
T,94000,CHI1~op1,100000,15.19,100000,16.19
T,94000,CHI1~op2,100000,6.09,100000,6.49
T,94000,CHI1~op3,100000,0.33,100000,0.37
T,94000,CHI1~op4,100000,0.0,100000,0.02
T,94000,CHI1~op5,100000,0.0,100000,0.02
T,94000,CHI1~op6,100000,15.87,100000,16.87
T,94000,CHI1~op7,100000,6.22,100000,6.64
T,94000,CHI1~op8,100000,0.63,100000,0.69
T,94000,CHI1~op9,100000,0.0,100000,0.02
T,94000,CHI1~op10,100000,0.0,100000,0.02
T,94000,IL1~COLD,100000,96.26,100000,96.27000000000001
T,94000,IL1~op1,100000,15.19,100000,16.19
T,94000,IL1~op2,100000,6.09,100000,6.49
T,94000,IL1~op3,100000,0.33,100000,0.37
T,94000,IL1~op4,100000,0.0,100000,0.02
T,94000,IL1~op5,100000,0.0,100000,0.02
T,94000,IL1~op6,100000,15.87,100000,16.87
T,94000,IL1~op7,100000,6.22,100000,6.64
T,94000,IL1~op8,100000,0.63,100000,0.69
T,94000,IL1~op9,100000,0.0,100000,0.02
T,94000,IL1~op10,100000,0.0,100000,0.02
S,96000,Vol Update,0.10270280000000001
T,96000,CHI1~COLD,100000,96.66,100000,96.67
T,96000,CHI1~op1,100000,15.99,100000,17.02
T,96000,CHI1~op2,100000,6.59,100000,7.02
T,96000,CHI1~op3,100000,0.39,100000,0.44
T,96000,CHI1~op4,100000,0.0,100000,0.02
T,96000,CHI1~op5,100000,0.0,100000,0.02
T,96000,CHI1~op6,100000,15.35,100000,16.38
T,96000,CHI1~op7,100000,7.26,100000,7.7
T,96000,CHI1~op8,100000,0.73,100000,0.8
T,96000,CHI1~op9,100000,0.0,100000,0.02
T,96000,CHI1~op10,100000,0.0,100000,0.02
T,96000,IL1~COLD,100000,96.66,100000,96.67
T,96000,IL1~op1,100000,15.99,100000,17.02
T,96000,IL1~op2,100000,6.59,100000,7.02
T,96000,IL1~op3,100000,0.39,100000,0.44
T,96000,IL1~op4,100000,0.0,100000,0.02
T,96000,IL1~op5,100000,0.0,100000,0.02
T,96000,IL1~op6,100000,15.35,100000,16.38
T,96000,IL1~op7,100000,7.26,100000,7.7
T,96000,IL1~op8,100000,0.73,100000,0.8
T,96000,IL1~op9,100000,0.0,100000,0.02
T,96000,IL1~op10,100000,0.0,100000,0.02
S,98000,Vol Update,0.10270280000000001
T,98000,CHI1~COLD,100000,91.96,100000,91.97
T,98000,CHI1~op1,100000,11.68,100000,12.43
T,98000,CHI1~op2,100000,2.6,100000,2.78
T,98000,CHI1~op3,100000,0.01,100000,0.03
T,98000,CHI1~op4,100000,0.0,100000,0.02
T,98000,CHI1~op5,100000,0.0,100000,0.02
T,98000,CHI1~op6,100000,11.76,100000,12.51
T,98000,CHI1~op7,100000,2.88,100000,3.08
T,98000,CHI1~op8,100000,0.08,100000,0.1
T,98000,CHI1~op9,100000,0.0,100000,0.02
T,98000,CHI1~op10,100000,0.0,100000,0.02
T,98000,IL1~COLD,100000,91.96,100000,91.97
T,98000,IL1~op1,100000,11.68,100000,12.43
T,98000,IL1~op2,100000,2.6,100000,2.78
T,98000,IL1~op3,100000,0.01,100000,0.03
T,98000,IL1~op4,100000,0.0,100000,0.02
T,98000,IL1~op5,100000,0.0,100000,0.02
T,98000,IL1~op6,100000,11.76,100000,12.51
T,98000,IL1~op7,100000,2.88,100000,3.08
T,98000,IL1~op8,100000,0.08,100000,0.1
T,98000,IL1~op9,100000,0.0,100000,0.02
T,98000,IL1~op10,100000,0.0,100000,0.02
S,100000,Vol Update,0.10270280000000001
T,100000,CHI1~COLD,100000,90.5,100000,90.51
T,100000,CHI1~op1,100000,10.45,100000,11.11
T,100000,CHI1~op2,100000,1.55,100000,1.68
T,100000,CHI1~op3,100000,0.0,100000,0.02
T,100000,CHI1~op4,100000,0.0,100000,0.02
T,100000,CHI1~op5,100000,0.0,100000,0.02
T,100000,CHI1~op6,100000,10.42,100000,11.08
T,100000,CHI1~op7,100000,2.05,100000,2.19
T,100000,CHI1~op8,100000,0.03,100000,0.05
T,100000,CHI1~op9,100000,0.0,100000,0.02
T,100000,CHI1~op10,100000,0.0,100000,0.02
T,100000,IL1~COLD,100000,90.5,100000,90.51
T,100000,IL1~op1,100000,10.45,100000,11.11
T,100000,IL1~op2,100000,1.55,100000,1.68
T,100000,IL1~op3,100000,0.0,100000,0.02
T,100000,IL1~op4,100000,0.0,100000,0.02
T,100000,IL1~op5,100000,0.0,100000,0.02
T,100000,IL1~op6,100000,10.42,100000,11.08
T,100000,IL1~op7,100000,2.05,100000,2.19
T,100000,IL1~op8,100000,0.03,100000,0.05
T,100000,IL1~op9,100000,0.0,100000,0.02
T,100000,IL1~op10,100000,0.0,100000,0.02
S,102000,Vol Update,0.10270280000000001
T,102000,CHI1~COLD,100000,88.87,100000,88.88000000000001
T,102000,CHI1~op1,100000,8.8,100000,9.36
T,102000,CHI1~op2,100000,0.86,100000,0.94
T,102000,CHI1~op3,100000,0.0,100000,0.02
T,102000,CHI1~op4,100000,0.0,100000,0.02
T,102000,CHI1~op5,100000,0.0,100000,0.02
T,102000,CHI1~op6,100000,8.54,100000,9.1
T,102000,CHI1~op7,100000,1.29,100000,1.39
T,102000,CHI1~op8,100000,0.0,100000,0.02
T,102000,CHI1~op9,100000,0.0,100000,0.02
T,102000,CHI1~op10,100000,0.0,100000,0.02
T,102000,IL1~COLD,100000,88.87,100000,88.88000000000001
T,102000,IL1~op1,100000,8.8,100000,9.36
T,102000,IL1~op2,100000,0.86,100000,0.94
T,102000,IL1~op3,100000,0.0,100000,0.02
T,102000,IL1~op4,100000,0.0,100000,0.02
T,102000,IL1~op5,100000,0.0,100000,0.02
T,102000,IL1~op6,100000,8.54,100000,9.1
T,102000,IL1~op7,100000,1.29,100000,1.39
T,102000,IL1~op8,100000,0.0,100000,0.02
T,102000,IL1~op9,100000,0.0,100000,0.02
T,102000,IL1~op10,100000,0.0,100000,0.02
S,104000,Vol Update,0.10270280000000001
T,104000,CHI1~COLD,100000,90.11,100000,90.12
T,104000,CHI1~op1,100000,10.0,100000,10.63
T,104000,CHI1~op2,100000,1.44,100000,1.55
T,104000,CHI1~op3,100000,0.0,100000,0.02
T,104000,CHI1~op4,100000,0.0,100000,0.02
T,104000,CHI1~op5,100000,0.0,100000,0.02
T,104000,CHI1~op6,100000,9.58,100000,10.22
T,104000,CHI1~op7,100000,1.86,100000,1.99
T,104000,CHI1~op8,100000,0.02,100000,0.04
T,104000,CHI1~op9,100000,0.0,100000,0.02
T,104000,CHI1~op10,100000,0.0,100000,0.02
T,104000,IL1~COLD,100000,90.11,100000,90.12
T,104000,IL1~op1,100000,10.0,100000,10.63
T,104000,IL1~op2,100000,1.44,100000,1.55
T,104000,IL1~op3,100000,0.0,100000,0.02
T,104000,IL1~op4,100000,0.0,100000,0.02
T,104000,IL1~op5,100000,0.0,100000,0.02
T,104000,IL1~op6,100000,9.58,100000,10.22
T,104000,IL1~op7,100000,1.86,100000,1.99
T,104000,IL1~op8,100000,0.02,100000,0.04
T,104000,IL1~op9,100000,0.0,100000,0.02
T,104000,IL1~op10,100000,0.0,100000,0.02
S,106000,Vol Update,0.10270280000000001
T,106000,CHI1~COLD,100000,90.74,100000,90.75
T,106000,CHI1~op1,100000,9.77,100000,10.44
T,106000,CHI1~op2,100000,1.74,100000,1.86
T,106000,CHI1~op3,100000,0.0,100000,0.02
T,106000,CHI1~op4,100000,0.0,100000,0.02
T,106000,CHI1~op5,100000,0.0,100000,0.02
T,106000,CHI1~op6,100000,10.83,100000,11.51
T,106000,CHI1~op7,100000,2.13,100000,2.28
T,106000,CHI1~op8,100000,0.03,100000,0.05
T,106000,CHI1~op9,100000,0.0,100000,0.02
T,106000,CHI1~op10,100000,0.0,100000,0.02
T,106000,IL1~COLD,100000,90.74,100000,90.75
T,106000,IL1~op1,100000,9.77,100000,10.44
T,106000,IL1~op2,100000,1.74,100000,1.86
T,106000,IL1~op3,100000,0.0,100000,0.02
T,106000,IL1~op4,100000,0.0,100000,0.02
T,106000,IL1~op5,100000,0.0,100000,0.02
T,106000,IL1~op6,100000,10.83,100000,11.51
T,106000,IL1~op7,100000,2.13,100000,2.28
T,106000,IL1~op8,100000,0.03,100000,0.05
T,106000,IL1~op9,100000,0.0,100000,0.02
T,106000,IL1~op10,100000,0.0,100000,0.02
S,108000,Vol Update,0.10270280000000001
T,108000,CHI1~COLD,100000,86.91,100000,86.92
T,108000,CHI1~op1,100000,6.85,100000,7.29
T,108000,CHI1~op2,100000,0.28,100000,0.32
T,108000,CHI1~op3,100000,0.0,100000,0.02
T,108000,CHI1~op4,100000,0.0,100000,0.02
T,108000,CHI1~op5,100000,0.0,100000,0.02
T,108000,CHI1~op6,100000,7.2,100000,7.65
T,108000,CHI1~op7,100000,0.58,100000,0.64
T,108000,CHI1~op8,100000,0.0,100000,0.02
T,108000,CHI1~op9,100000,0.0,100000,0.02
T,108000,CHI1~op10,100000,0.0,100000,0.02
T,108000,IL1~COLD,100000,86.91,100000,86.92
T,108000,IL1~op1,100000,6.85,100000,7.29
T,108000,IL1~op2,100000,0.28,100000,0.32
T,108000,IL1~op3,100000,0.0,100000,0.02
T,108000,IL1~op4,100000,0.0,100000,0.02
T,108000,IL1~op5,100000,0.0,100000,0.02
T,108000,IL1~op6,100000,7.2,100000,7.65
T,108000,IL1~op7,100000,0.58,100000,0.64
T,108000,IL1~op8,100000,0.0,100000,0.02
T,108000,IL1~op9,100000,0.0,100000,0.02
T,108000,IL1~op10,100000,0.0,100000,0.02
S,110000,Vol Update,0.10270280000000001
T,110000,CHI1~COLD,100000,90.06,100000,90.07000000000001
T,110000,CHI1~op1,100000,9.94,100000,10.57
T,110000,CHI1~op2,100000,1.38,100000,1.48
T,110000,CHI1~op3,100000,0.0,100000,0.02
T,110000,CHI1~op4,100000,0.0,100000,0.02
T,110000,CHI1~op5,100000,0.0,100000,0.02
T,110000,CHI1~op6,100000,10.49,100000,11.12
T,110000,CHI1~op7,100000,1.72,100000,1.85
T,110000,CHI1~op8,100000,0.01,100000,0.03
T,110000,CHI1~op9,100000,0.0,100000,0.02
T,110000,CHI1~op10,100000,0.0,100000,0.02
T,110000,IL1~COLD,100000,90.06,100000,90.07000000000001
T,110000,IL1~op1,100000,9.94,100000,10.57
T,110000,IL1~op2,100000,1.38,100000,1.48
T,110000,IL1~op3,100000,0.0,100000,0.02
T,110000,IL1~op4,100000,0.0,100000,0.02
T,110000,IL1~op5,100000,0.0,100000,0.02
T,110000,IL1~op6,100000,10.49,100000,11.12
T,110000,IL1~op7,100000,1.72,100000,1.85
T,110000,IL1~op8,100000,0.01,100000,0.03
T,110000,IL1~op9,100000,0.0,100000,0.02
T,110000,IL1~op10,100000,0.0,100000,0.02
S,112000,Vol Update,0.10270280000000001
T,112000,CHI1~COLD,100000,90.47,100000,90.48
T,112000,CHI1~op1,100000,10.18,100000,10.83
T,112000,CHI1~op2,100000,1.47,100000,1.59
T,112000,CHI1~op3,100000,0.0,100000,0.02
T,112000,CHI1~op4,100000,0.0,100000,0.02
T,112000,CHI1~op5,100000,0.0,100000,0.02
T,112000,CHI1~op6,100000,10.91,100000,11.57
T,112000,CHI1~op7,100000,1.98,100000,2.12
T,112000,CHI1~op8,100000,0.02,100000,0.04
T,112000,CHI1~op9,100000,0.0,100000,0.02
T,112000,CHI1~op10,100000,0.0,100000,0.02
T,112000,IL1~COLD,100000,90.47,100000,90.48
T,112000,IL1~op1,100000,10.18,100000,10.83
T,112000,IL1~op2,100000,1.47,100000,1.59
T,112000,IL1~op3,100000,0.0,100000,0.02
T,112000,IL1~op4,100000,0.0,100000,0.02
T,112000,IL1~op5,100000,0.0,100000,0.02
T,112000,IL1~op6,100000,10.91,100000,11.57
T,112000,IL1~op7,100000,1.98,100000,2.12
T,112000,IL1~op8,100000,0.02,100000,0.04
T,112000,IL1~op9,100000,0.0,100000,0.02
T,112000,IL1~op10,100000,0.0,100000,0.02
S,114000,Vol Update,0.10270280000000001
T,114000,CHI1~COLD,100000,91.08,100000,91.09
T,114000,CHI1~op1,100000,11.17,100000,11.86
T,114000,CHI1~op2,100000,1.9,100000,2.03
T,114000,CHI1~op3,100000,0.0,100000,0.02
T,114000,CHI1~op4,100000,0.0,100000,0.02
T,114000,CHI1~op5,100000,0.0,100000,0.02
T,114000,CHI1~op6,100000,10.41,100000,11.11
T,114000,CHI1~op7,100000,2.35,100000,2.51
T,114000,CHI1~op8,100000,0.03,100000,0.05
T,114000,CHI1~op9,100000,0.0,100000,0.02
T,114000,CHI1~op10,100000,0.0,100000,0.02
T,114000,IL1~COLD,100000,91.08,100000,91.09
T,114000,IL1~op1,100000,11.17,100000,11.86
T,114000,IL1~op2,100000,1.9,100000,2.03
T,114000,IL1~op3,100000,0.0,100000,0.02
T,114000,IL1~op4,100000,0.0,100000,0.02
T,114000,IL1~op5,100000,0.0,100000,0.02
T,114000,IL1~op6,100000,10.41,100000,11.11
T,114000,IL1~op7,100000,2.35,100000,2.51
T,114000,IL1~op8,100000,0.03,100000,0.05
T,114000,IL1~op9,100000,0.0,100000,0.02
T,114000,IL1~op10,100000,0.0,100000,0.02
S,116000,Vol Update,0.10270280000000001
T,116000,CHI1~COLD,100000,92.96,100000,92.97
T,116000,CHI1~op1,100000,12.8,100000,13.6
T,116000,CHI1~op2,100000,3.13,100000,3.35
T,116000,CHI1~op3,100000,0.01,100000,0.03
T,116000,CHI1~op4,100000,0.0,100000,0.02
T,116000,CHI1~op5,100000,0.0,100000,0.02
T,116000,CHI1~op6,100000,12.28,100000,13.08
T,116000,CHI1~op7,100000,3.66,100000,3.9
T,116000,CHI1~op8,100000,0.1,100000,0.13
T,116000,CHI1~op9,100000,0.0,100000,0.02
T,116000,CHI1~op10,100000,0.0,100000,0.02
T,116000,IL1~COLD,100000,92.96,100000,92.97
T,116000,IL1~op1,100000,12.8,100000,13.6
T,116000,IL1~op2,100000,3.13,100000,3.35
T,116000,IL1~op3,100000,0.01,100000,0.03
T,116000,IL1~op4,100000,0.0,100000,0.02
T,116000,IL1~op5,100000,0.0,100000,0.02
T,116000,IL1~op6,100000,12.28,100000,13.08
T,116000,IL1~op7,100000,3.66,100000,3.9
T,116000,IL1~op8,100000,0.1,100000,0.13
T,116000,IL1~op9,100000,0.0,100000,0.02
T,116000,IL1~op10,100000,0.0,100000,0.02
S,118000,Vol Update,0.10270280000000001
T,118000,CHI1~COLD,100000,94.0,100000,94.01
T,118000,CHI1~op1,100000,13.43,100000,14.29
T,118000,CHI1~op2,100000,4.01,100000,4.28
T,118000,CHI1~op3,100000,0.04,100000,0.06
T,118000,CHI1~op4,100000,0.0,100000,0.02
T,118000,CHI1~op5,100000,0.0,100000,0.02
T,118000,CHI1~op6,100000,13.53,100000,14.4
T,118000,CHI1~op7,100000,4.18,100000,4.48
T,118000,CHI1~op8,100000,0.17,100000,0.2
T,118000,CHI1~op9,100000,0.0,100000,0.02
T,118000,CHI1~op10,100000,0.0,100000,0.02
T,118000,IL1~COLD,100000,94.0,100000,94.01
T,118000,IL1~op1,100000,13.43,100000,14.29
T,118000,IL1~op2,100000,4.01,100000,4.28
T,118000,IL1~op3,100000,0.04,100000,0.06
T,118000,IL1~op4,100000,0.0,100000,0.02
T,118000,IL1~op5,100000,0.0,100000,0.02
T,118000,IL1~op6,100000,13.53,100000,14.4
T,118000,IL1~op7,100000,4.18,100000,4.48
T,118000,IL1~op8,100000,0.17,100000,0.2
T,118000,IL1~op9,100000,0.0,100000,0.02
T,118000,IL1~op10,100000,0.0,100000,0.02
S,120000,Vol Update,0.10270280000000001
T,120000,CHI1~COLD,100000,96.59,100000,96.60000000000001
T,120000,CHI1~op1,100000,16.35,100000,17.37
T,120000,CHI1~op2,100000,6.35,100000,6.78
T,120000,CHI1~op3,100000,0.26,100000,0.29
T,120000,CHI1~op4,100000,0.0,100000,0.02
T,120000,CHI1~op5,100000,0.0,100000,0.02
T,120000,CHI1~op6,100000,16.28,100000,17.3
T,120000,CHI1~op7,100000,6.62,100000,7.05
T,120000,CHI1~op8,100000,0.54,100000,0.6
T,120000,CHI1~op9,100000,0.0,100000,0.02
T,120000,CHI1~op10,100000,0.0,100000,0.02
T,120000,IL1~COLD,100000,96.59,100000,96.60000000000001
T,120000,IL1~op1,100000,16.35,100000,17.37
T,120000,IL1~op2,100000,6.35,100000,6.78
T,120000,IL1~op3,100000,0.26,100000,0.29
T,120000,IL1~op4,100000,0.0,100000,0.02
T,120000,IL1~op5,100000,0.0,100000,0.02
T,120000,IL1~op6,100000,16.28,100000,17.3
T,120000,IL1~op7,100000,6.62,100000,7.05
T,120000,IL1~op8,100000,0.54,100000,0.6
T,120000,IL1~op9,100000,0.0,100000,0.02
T,120000,IL1~op10,100000,0.0,100000,0.02
S,122000,Vol Update,0.10270280000000001
T,122000,CHI1~COLD,100000,97.23,100000,97.24000000000001
T,122000,CHI1~op1,100000,16.17,100000,17.23
T,122000,CHI1~op2,100000,6.74,100000,7.2
T,122000,CHI1~op3,100000,0.36,100000,0.4
T,122000,CHI1~op4,100000,0.0,100000,0.02
T,122000,CHI1~op5,100000,0.0,100000,0.02
T,122000,CHI1~op6,100000,18.21,100000,19.28
T,122000,CHI1~op7,100000,7.25,100000,7.71
T,122000,CHI1~op8,100000,0.71,100000,0.77
T,122000,CHI1~op9,100000,0.0,100000,0.02
T,122000,CHI1~op10,100000,0.0,100000,0.02
T,122000,IL1~COLD,100000,97.23,100000,97.24000000000001
T,122000,IL1~op1,100000,16.17,100000,17.23
T,122000,IL1~op2,100000,6.74,100000,7.2
T,122000,IL1~op3,100000,0.36,100000,0.4
T,122000,IL1~op4,100000,0.0,100000,0.02
T,122000,IL1~op5,100000,0.0,100000,0.02
T,122000,IL1~op6,100000,18.21,100000,19.28
T,122000,IL1~op7,100000,7.25,100000,7.71
T,122000,IL1~op8,100000,0.71,100000,0.77
T,122000,IL1~op9,100000,0.0,100000,0.02
T,122000,IL1~op10,100000,0.0,100000,0.02
S,124000,Vol Update,0.10270280000000001
T,124000,CHI1~COLD,100000,96.55,100000,96.56
T,124000,CHI1~op1,100000,16.08,100000,17.09
T,124000,CHI1~op2,100000,6.58,100000,7.0
T,124000,CHI1~op3,100000,0.23,100000,0.26
T,124000,CHI1~op4,100000,0.0,100000,0.02
T,124000,CHI1~op5,100000,0.0,100000,0.02
T,124000,CHI1~op6,100000,16.3,100000,17.33
T,124000,CHI1~op7,100000,6.61,100000,7.04
T,124000,CHI1~op8,100000,0.58,100000,0.63
T,124000,CHI1~op9,100000,0.0,100000,0.02
T,124000,CHI1~op10,100000,0.0,100000,0.02
T,124000,IL1~COLD,100000,96.55,100000,96.56
T,124000,IL1~op1,100000,16.08,100000,17.09
T,124000,IL1~op2,100000,6.58,100000,7.0
T,124000,IL1~op3,100000,0.23,100000,0.26
T,124000,IL1~op4,100000,0.0,100000,0.02
T,124000,IL1~op5,100000,0.0,100000,0.02
T,124000,IL1~op6,100000,16.3,100000,17.33
T,124000,IL1~op7,100000,6.61,100000,7.04
T,124000,IL1~op8,100000,0.58,100000,0.63
T,124000,IL1~op9,100000,0.0,100000,0.02
T,124000,IL1~op10,100000,0.0,100000,0.02
S,126000,Vol Update,0.10270280000000001
T,126000,CHI1~COLD,100000,97.85,100000,97.86
T,126000,CHI1~op1,100000,18.28,100000,19.37
T,126000,CHI1~op2,100000,7.59,100000,8.09
T,126000,CHI1~op3,100000,0.51,100000,0.56
T,126000,CHI1~op4,100000,0.0,100000,0.02
T,126000,CHI1~op5,100000,0.0,100000,0.02
T,126000,CHI1~op6,100000,18.44,100000,19.54
T,126000,CHI1~op7,100000,7.87,100000,8.37
T,126000,CHI1~op8,100000,0.88,100000,0.96
T,126000,CHI1~op9,100000,0.0,100000,0.02
T,126000,CHI1~op10,100000,0.0,100000,0.02
T,126000,IL1~COLD,100000,97.85,100000,97.86
T,126000,IL1~op1,100000,18.28,100000,19.37
T,126000,IL1~op2,100000,7.59,100000,8.09
T,126000,IL1~op3,100000,0.51,100000,0.56
T,126000,IL1~op4,100000,0.0,100000,0.02
T,126000,IL1~op5,100000,0.0,100000,0.02
T,126000,IL1~op6,100000,18.44,100000,19.54
T,126000,IL1~op7,100000,7.87,100000,8.37
T,126000,IL1~op8,100000,0.88,100000,0.96
T,126000,IL1~op9,100000,0.0,100000,0.02
T,126000,IL1~op10,100000,0.0,100000,0.02
S,128000,Vol Update,0.10270280000000001
T,128000,CHI1~COLD,100000,100.94,100000,100.95
T,128000,CHI1~op1,100000,21.12,100000,22.4
T,128000,CHI1~op2,100000,10.54,100000,11.22
T,128000,CHI1~op3,100000,1.78,100000,1.92
T,128000,CHI1~op4,100000,0.0,100000,0.02
T,128000,CHI1~op5,100000,0.0,100000,0.02
T,128000,CHI1~op6,100000,19.92,100000,21.21
T,128000,CHI1~op7,100000,10.85,100000,11.54
T,128000,CHI1~op8,100000,2.27,100000,2.43
T,128000,CHI1~op9,100000,0.04,100000,0.06
T,128000,CHI1~op10,100000,0.0,100000,0.02
T,128000,IL1~COLD,100000,100.94,100000,100.95
T,128000,IL1~op1,100000,21.12,100000,22.4
T,128000,IL1~op2,100000,10.54,100000,11.22
T,128000,IL1~op3,100000,1.78,100000,1.92
T,128000,IL1~op4,100000,0.0,100000,0.02
T,128000,IL1~op5,100000,0.0,100000,0.02
T,128000,IL1~op6,100000,19.92,100000,21.21
T,128000,IL1~op7,100000,10.85,100000,11.54
T,128000,IL1~op8,100000,2.27,100000,2.43
T,128000,IL1~op9,100000,0.04,100000,0.06
T,128000,IL1~op10,100000,0.0,100000,0.02
S,130000,Vol Update,0.10270280000000001
T,130000,CHI1~COLD,100000,101.0,100000,101.01
T,130000,CHI1~op1,100000,20.56,100000,21.85
T,130000,CHI1~op2,100000,10.55,100000,11.23
T,130000,CHI1~op3,100000,1.75,100000,1.88
T,130000,CHI1~op4,100000,0.0,100000,0.02
T,130000,CHI1~op5,100000,0.0,100000,0.02
T,130000,CHI1~op6,100000,20.4,100000,21.69
T,130000,CHI1~op7,100000,10.67,100000,11.36
T,130000,CHI1~op8,100000,2.33,100000,2.49
T,130000,CHI1~op9,100000,0.04,100000,0.06
T,130000,CHI1~op10,100000,0.0,100000,0.02
T,130000,IL1~COLD,100000,101.0,100000,101.01
T,130000,IL1~op1,100000,20.56,100000,21.85
T,130000,IL1~op2,100000,10.55,100000,11.23
T,130000,IL1~op3,100000,1.75,100000,1.88
T,130000,IL1~op4,100000,0.0,100000,0.02
T,130000,IL1~op5,100000,0.0,100000,0.02
T,130000,IL1~op6,100000,20.4,100000,21.69
T,130000,IL1~op7,100000,10.67,100000,11.36
T,130000,IL1~op8,100000,2.33,100000,2.49
T,130000,IL1~op9,100000,0.04,100000,0.06
T,130000,IL1~op10,100000,0.0,100000,0.02
S,132000,Vol Update,0.10270280000000001
T,132000,CHI1~COLD,100000,104.94,100000,104.95
T,132000,CHI1~op1,100000,23.95,100000,25.47
T,132000,CHI1~op2,100000,14.56,100000,15.48
T,132000,CHI1~op3,100000,5.05,100000,5.38
T,132000,CHI1~op4,100000,0.08,100000,0.11
T,132000,CHI1~op5,100000,0.0,100000,0.02
T,132000,CHI1~op6,100000,24.5,100000,26.02
T,132000,CHI1~op7,100000,15.81,100000,16.73
T,132000,CHI1~op8,100000,5.41,100000,5.75
T,132000,CHI1~op9,100000,0.34,100000,0.38
T,132000,CHI1~op10,100000,0.0,100000,0.02
T,132000,IL1~COLD,100000,104.94,100000,104.95
T,132000,IL1~op1,100000,23.95,100000,25.47
T,132000,IL1~op2,100000,14.56,100000,15.48
T,132000,IL1~op3,100000,5.05,100000,5.38
T,132000,IL1~op4,100000,0.08,100000,0.11
T,132000,IL1~op5,100000,0.0,100000,0.02
T,132000,IL1~op6,100000,24.5,100000,26.02
T,132000,IL1~op7,100000,15.81,100000,16.73
T,132000,IL1~op8,100000,5.41,100000,5.75
T,132000,IL1~op9,100000,0.34,100000,0.38
T,132000,IL1~op10,100000,0.0,100000,0.02
S,134000,Vol Update,0.10270280000000001
T,134000,CHI1~COLD,100000,106.27,100000,106.28
T,134000,CHI1~op1,100000,24.99,100000,26.59
T,134000,CHI1~op2,100000,15.51,100000,16.51
T,134000,CHI1~op3,100000,6.02,100000,6.42
T,134000,CHI1~op4,100000,0.22,100000,0.25
T,134000,CHI1~op5,100000,0.0,100000,0.02
T,134000,CHI1~op6,100000,25.77,100000,27.37
T,134000,CHI1~op7,100000,14.69,100000,15.69
T,134000,CHI1~op8,100000,6.16,100000,6.58
T,134000,CHI1~op9,100000,0.57,100000,0.63
T,134000,CHI1~op10,100000,0.0,100000,0.02
T,134000,IL1~COLD,100000,106.27,100000,106.28
T,134000,IL1~op1,100000,24.99,100000,26.59
T,134000,IL1~op2,100000,15.51,100000,16.51
T,134000,IL1~op3,100000,6.02,100000,6.42
T,134000,IL1~op4,100000,0.22,100000,0.25
T,134000,IL1~op5,100000,0.0,100000,0.02
T,134000,IL1~op6,100000,25.77,100000,27.37
T,134000,IL1~op7,100000,14.69,100000,15.69
T,134000,IL1~op8,100000,6.16,100000,6.58
T,134000,IL1~op9,100000,0.57,100000,0.63
T,134000,IL1~op10,100000,0.0,100000,0.02
S,136000,Vol Update,0.10270280000000001
T,136000,CHI1~COLD,100000,107.08,100000,107.09
T,136000,CHI1~op1,100000,27.8,100000,29.45
T,136000,CHI1~op2,100000,17.53,100000,18.58
T,136000,CHI1~op3,100000,7.27,100000,7.72
T,136000,CHI1~op4,100000,0.35,100000,0.39
T,136000,CHI1~op5,100000,0.0,100000,0.02
T,136000,CHI1~op6,100000,25.63,100000,27.28
T,136000,CHI1~op7,100000,16.29,100000,17.34
T,136000,CHI1~op8,100000,7.21,100000,7.67
T,136000,CHI1~op9,100000,0.76,100000,0.82
T,136000,CHI1~op10,100000,0.0,100000,0.02
T,136000,IL1~COLD,100000,107.08,100000,107.09
T,136000,IL1~op1,100000,27.8,100000,29.45
T,136000,IL1~op2,100000,17.53,100000,18.58
T,136000,IL1~op3,100000,7.27,100000,7.72
T,136000,IL1~op4,100000,0.35,100000,0.39
T,136000,IL1~op5,100000,0.0,100000,0.02
T,136000,IL1~op6,100000,25.63,100000,27.28
T,136000,IL1~op7,100000,16.29,100000,17.34
T,136000,IL1~op8,100000,7.21,100000,7.67
T,136000,IL1~op9,100000,0.76,100000,0.82
T,136000,IL1~op10,100000,0.0,100000,0.02
S,138000,Vol Update,0.10270280000000001
T,138000,CHI1~COLD,100000,108.54,100000,108.55000000000001
T,138000,CHI1~op1,100000,25.95,100000,27.69
T,138000,CHI1~op2,100000,18.48,100000,19.62
T,138000,CHI1~op3,100000,8.35,100000,8.89
T,138000,CHI1~op4,100000,0.72,100000,0.78
T,138000,CHI1~op5,100000,0.0,100000,0.02
T,138000,CHI1~op6,100000,26.93,100000,28.67
T,138000,CHI1~op7,100000,18.37,100000,19.51
T,138000,CHI1~op8,100000,8.66,100000,9.2
T,138000,CHI1~op9,100000,1.17,100000,1.27
T,138000,CHI1~op10,100000,0.01,100000,0.03
T,138000,IL1~COLD,100000,108.54,100000,108.55000000000001
T,138000,IL1~op1,100000,25.95,100000,27.69
T,138000,IL1~op2,100000,18.48,100000,19.62
T,138000,IL1~op3,100000,8.35,100000,8.89
T,138000,IL1~op4,100000,0.72,100000,0.78
T,138000,IL1~op5,100000,0.0,100000,0.02
T,138000,IL1~op6,100000,26.93,100000,28.67
T,138000,IL1~op7,100000,18.37,100000,19.51
T,138000,IL1~op8,100000,8.66,100000,9.2
T,138000,IL1~op9,100000,1.17,100000,1.27
T,138000,IL1~op10,100000,0.01,100000,0.03
S,140000,Vol Update,0.10270280000000001
T,140000,CHI1~COLD,100000,108.56,100000,108.57000000000001
T,140000,CHI1~op1,100000,28.1,100000,29.83
T,140000,CHI1~op2,100000,17.93,100000,19.07
T,140000,CHI1~op3,100000,8.25,100000,8.79
T,140000,CHI1~op4,100000,0.69,100000,0.76
T,140000,CHI1~op5,100000,0.0,100000,0.02
T,140000,CHI1~op6,100000,29.05,100000,30.79
T,140000,CHI1~op7,100000,18.6,100000,19.74
T,140000,CHI1~op8,100000,8.54,100000,9.08
T,140000,CHI1~op9,100000,1.24,100000,1.33
T,140000,CHI1~op10,100000,0.0,100000,0.02
T,140000,IL1~COLD,100000,108.56,100000,108.57000000000001
T,140000,IL1~op1,100000,28.1,100000,29.83
T,140000,IL1~op2,100000,17.93,100000,19.07
T,140000,IL1~op3,100000,8.25,100000,8.79
T,140000,IL1~op4,100000,0.69,100000,0.76
T,140000,IL1~op5,100000,0.0,100000,0.02
T,140000,IL1~op6,100000,29.05,100000,30.79
T,140000,IL1~op7,100000,18.6,100000,19.74
T,140000,IL1~op8,100000,8.54,100000,9.08
T,140000,IL1~op9,100000,1.24,100000,1.33
T,140000,IL1~op10,100000,0.0,100000,0.02
S,142000,Vol Update,0.10270280000000001
T,142000,CHI1~COLD,100000,110.19,100000,110.2
T,142000,CHI1~op1,100000,29.29,100000,31.12
T,142000,CHI1~op2,100000,19.95,100000,21.18
T,142000,CHI1~op3,100000,9.24,100000,9.88
T,142000,CHI1~op4,100000,1.43,100000,1.53
T,142000,CHI1~op5,100000,0.0,100000,0.02
T,142000,CHI1~op6,100000,30.25,100000,32.09
T,142000,CHI1~op7,100000,19.08,100000,20.33
T,142000,CHI1~op8,100000,9.82,100000,10.46
T,142000,CHI1~op9,100000,1.9,100000,2.04
T,142000,CHI1~op10,100000,0.03,100000,0.05
T,142000,IL1~COLD,100000,110.19,100000,110.2
T,142000,IL1~op1,100000,29.29,100000,31.12
T,142000,IL1~op2,100000,19.95,100000,21.18
T,142000,IL1~op3,100000,9.24,100000,9.88
T,142000,IL1~op4,100000,1.43,100000,1.53
T,142000,IL1~op5,100000,0.0,100000,0.02
T,142000,IL1~op6,100000,30.25,100000,32.09
T,142000,IL1~op7,100000,19.08,100000,20.33
T,142000,IL1~op8,100000,9.82,100000,10.46
T,142000,IL1~op9,100000,1.9,100000,2.04
T,142000,IL1~op10,100000,0.03,100000,0.05
S,144000,Vol Update,0.10270280000000001
T,144000,CHI1~COLD,100000,111.89,100000,111.9
T,144000,CHI1~op1,100000,31.12,100000,33.05
T,144000,CHI1~op2,100000,19.1,100000,20.44
T,144000,CHI1~op3,100000,11.51,100000,12.25
T,144000,CHI1~op4,100000,2.46,100000,2.63
T,144000,CHI1~op5,100000,0.0,100000,0.02
T,144000,CHI1~op6,100000,31.27,100000,33.21
T,144000,CHI1~op7,100000,21.3,100000,22.64
T,144000,CHI1~op8,100000,12.31,100000,13.05
T,144000,CHI1~op9,100000,2.97,100000,3.17
T,144000,CHI1~op10,100000,0.07,100000,0.1
T,144000,IL1~COLD,100000,111.89,100000,111.9
T,144000,IL1~op1,100000,31.12,100000,33.05
T,144000,IL1~op2,100000,19.1,100000,20.44
T,144000,IL1~op3,100000,11.51,100000,12.25
T,144000,IL1~op4,100000,2.46,100000,2.63
T,144000,IL1~op5,100000,0.0,100000,0.02
T,144000,IL1~op6,100000,31.27,100000,33.21
T,144000,IL1~op7,100000,21.3,100000,22.64
T,144000,IL1~op8,100000,12.31,100000,13.05
T,144000,IL1~op9,100000,2.97,100000,3.17
T,144000,IL1~op10,100000,0.07,100000,0.1
S,146000,Vol Update,0.10270280000000001
T,146000,CHI1~COLD,100000,107.63,100000,107.64
T,146000,CHI1~op1,100000,26.79,100000,28.47
T,146000,CHI1~op2,100000,16.21,100000,17.29
T,146000,CHI1~op3,100000,7.57,100000,8.05
T,146000,CHI1~op4,100000,0.38,100000,0.43
T,146000,CHI1~op5,100000,0.0,100000,0.02
T,146000,CHI1~op6,100000,25.55,100000,27.24
T,146000,CHI1~op7,100000,17.32,100000,18.41
T,146000,CHI1~op8,100000,7.74,100000,8.23
T,146000,CHI1~op9,100000,0.87,100000,0.94
T,146000,CHI1~op10,100000,0.0,100000,0.02
T,146000,IL1~COLD,100000,107.63,100000,107.64
T,146000,IL1~op1,100000,26.79,100000,28.47
T,146000,IL1~op2,100000,16.21,100000,17.29
T,146000,IL1~op3,100000,7.57,100000,8.05
T,146000,IL1~op4,100000,0.38,100000,0.43
T,146000,IL1~op5,100000,0.0,100000,0.02
T,146000,IL1~op6,100000,25.55,100000,27.24
T,146000,IL1~op7,100000,17.32,100000,18.41
T,146000,IL1~op8,100000,7.74,100000,8.23
T,146000,IL1~op9,100000,0.87,100000,0.94
T,146000,IL1~op10,100000,0.0,100000,0.02
S,148000,Vol Update,0.10270280000000001
T,148000,CHI1~COLD,100000,104.61,100000,104.62
T,148000,CHI1~op1,100000,23.69,100000,25.19
T,148000,CHI1~op2,100000,14.43,100000,15.33
T,148000,CHI1~op3,100000,4.67,100000,4.97
T,148000,CHI1~op4,100000,0.03,100000,0.05
T,148000,CHI1~op5,100000,0.0,100000,0.02
T,148000,CHI1~op6,100000,23.58,100000,25.09
T,148000,CHI1~op7,100000,13.88,100000,14.78
T,148000,CHI1~op8,100000,4.95,100000,5.28
T,148000,CHI1~op9,100000,0.23,100000,0.26
T,148000,CHI1~op10,100000,0.0,100000,0.02
T,148000,IL1~COLD,100000,104.61,100000,104.62
T,148000,IL1~op1,100000,23.69,100000,25.19
T,148000,IL1~op2,100000,14.43,100000,15.33
T,148000,IL1~op3,100000,4.67,100000,4.97
T,148000,IL1~op4,100000,0.03,100000,0.05
T,148000,IL1~op5,100000,0.0,100000,0.02
T,148000,IL1~op6,100000,23.58,100000,25.09
T,148000,IL1~op7,100000,13.88,100000,14.78
T,148000,IL1~op8,100000,4.95,100000,5.28
T,148000,IL1~op9,100000,0.23,100000,0.26
T,148000,IL1~op10,100000,0.0,100000,0.02
S,150000,Vol Update,0.10270280000000001
T,150000,CHI1~COLD,100000,103.57,100000,103.58
T,150000,CHI1~op1,100000,23.67,100000,25.11
T,150000,CHI1~op2,100000,13.07,100000,13.91
T,150000,CHI1~op3,100000,3.77,100000,4.02
T,150000,CHI1~op4,100000,0.0,100000,0.02
T,150000,CHI1~op5,100000,0.0,100000,0.02
T,150000,CHI1~op6,100000,22.6,100000,24.04
T,150000,CHI1~op7,100000,13.51,100000,14.35
T,150000,CHI1~op8,100000,4.03,100000,4.29
T,150000,CHI1~op9,100000,0.11,100000,0.14
T,150000,CHI1~op10,100000,0.0,100000,0.02
T,150000,IL1~COLD,100000,103.57,100000,103.58
T,150000,IL1~op1,100000,23.67,100000,25.11
T,150000,IL1~op2,100000,13.07,100000,13.91
T,150000,IL1~op3,100000,3.77,100000,4.02
T,150000,IL1~op4,100000,0.0,100000,0.02
T,150000,IL1~op5,100000,0.0,100000,0.02
T,150000,IL1~op6,100000,22.6,100000,24.04
T,150000,IL1~op7,100000,13.51,100000,14.35
T,150000,IL1~op8,100000,4.03,100000,4.29
T,150000,IL1~op9,100000,0.11,100000,0.14
T,150000,IL1~op10,100000,0.0,100000,0.02
S,152000,Vol Update,0.10270280000000001
T,152000,CHI1~COLD,100000,99.73,100000,99.74000000000001
T,152000,CHI1~op1,100000,18.56,100000,19.76
T,152000,CHI1~op2,100000,9.91,100000,10.52
T,152000,CHI1~op3,100000,0.92,100000,1.0
T,152000,CHI1~op4,100000,0.0,100000,0.02
T,152000,CHI1~op5,100000,0.0,100000,0.02
T,152000,CHI1~op6,100000,19.4,100000,20.61
T,152000,CHI1~op7,100000,10.35,100000,10.96
T,152000,CHI1~op8,100000,1.52,100000,1.63
T,152000,CHI1~op9,100000,0.0,100000,0.02
T,152000,CHI1~op10,100000,0.0,100000,0.02
T,152000,IL1~COLD,100000,99.73,100000,99.74000000000001
T,152000,IL1~op1,100000,18.56,100000,19.76
T,152000,IL1~op2,100000,9.91,100000,10.52
T,152000,IL1~op3,100000,0.92,100000,1.0
T,152000,IL1~op4,100000,0.0,100000,0.02
T,152000,IL1~op5,100000,0.0,100000,0.02
T,152000,IL1~op6,100000,19.4,100000,20.61
T,152000,IL1~op7,100000,10.35,100000,10.96
T,152000,IL1~op8,100000,1.52,100000,1.63
T,152000,IL1~op9,100000,0.0,100000,0.02
T,152000,IL1~op10,100000,0.0,100000,0.02
S,154000,Vol Update,0.10270280000000001
T,154000,CHI1~COLD,100000,100.63,100000,100.64
T,154000,CHI1~op1,100000,19.41,100000,20.68
T,154000,CHI1~op2,100000,11.0,100000,11.66
T,154000,CHI1~op3,100000,1.28,100000,1.39
T,154000,CHI1~op4,100000,0.0,100000,0.02
T,154000,CHI1~op5,100000,0.0,100000,0.02
T,154000,CHI1~op6,100000,19.96,100000,21.22
T,154000,CHI1~op7,100000,10.56,100000,11.23
T,154000,CHI1~op8,100000,1.97,100000,2.1
T,154000,CHI1~op9,100000,0.01,100000,0.03
T,154000,CHI1~op10,100000,0.0,100000,0.02
T,154000,IL1~COLD,100000,100.63,100000,100.64
T,154000,IL1~op1,100000,19.41,100000,20.68
T,154000,IL1~op2,100000,11.0,100000,11.66
T,154000,IL1~op3,100000,1.28,100000,1.39
T,154000,IL1~op4,100000,0.0,100000,0.02
T,154000,IL1~op5,100000,0.0,100000,0.02
T,154000,IL1~op6,100000,19.96,100000,21.22
T,154000,IL1~op7,100000,10.56,100000,11.23
T,154000,IL1~op8,100000,1.97,100000,2.1
T,154000,IL1~op9,100000,0.01,100000,0.03
T,154000,IL1~op10,100000,0.0,100000,0.02
S,156000,Vol Update,0.10270280000000001
T,156000,CHI1~COLD,100000,99.92,100000,99.93
T,156000,CHI1~op1,100000,19.23,100000,20.45
T,156000,CHI1~op2,100000,10.47,100000,11.08
T,156000,CHI1~op3,100000,1.02,100000,1.1
T,156000,CHI1~op4,100000,0.0,100000,0.02
T,156000,CHI1~op5,100000,0.0,100000,0.02
T,156000,CHI1~op6,100000,18.42,100000,19.64
T,156000,CHI1~op7,100000,9.79,100000,10.41
T,156000,CHI1~op8,100000,1.53,100000,1.64
T,156000,CHI1~op9,100000,0.0,100000,0.02
T,156000,CHI1~op10,100000,0.0,100000,0.02
T,156000,IL1~COLD,100000,99.92,100000,99.93
T,156000,IL1~op1,100000,19.23,100000,20.45
T,156000,IL1~op2,100000,10.47,100000,11.08
T,156000,IL1~op3,100000,1.02,100000,1.1
T,156000,IL1~op4,100000,0.0,100000,0.02
T,156000,IL1~op5,100000,0.0,100000,0.02
T,156000,IL1~op6,100000,18.42,100000,19.64
T,156000,IL1~op7,100000,9.79,100000,10.41
T,156000,IL1~op8,100000,1.53,100000,1.64
T,156000,IL1~op9,100000,0.0,100000,0.02
T,156000,IL1~op10,100000,0.0,100000,0.02
S,158000,Vol Update,0.10270280000000001
T,158000,CHI1~COLD,100000,96.66,100000,96.67
T,158000,CHI1~op1,100000,15.93,100000,16.95
T,158000,CHI1~op2,100000,6.66,100000,7.08
T,158000,CHI1~op3,100000,0.09,100000,0.12
T,158000,CHI1~op4,100000,0.0,100000,0.02
T,158000,CHI1~op5,100000,0.0,100000,0.02
T,158000,CHI1~op6,100000,16.61,100000,17.64
T,158000,CHI1~op7,100000,6.43,100000,6.86
T,158000,CHI1~op8,100000,0.42,100000,0.46
T,158000,CHI1~op9,100000,0.0,100000,0.02
T,158000,CHI1~op10,100000,0.0,100000,0.02
T,158000,IL1~COLD,100000,96.66,100000,96.67
T,158000,IL1~op1,100000,15.93,100000,16.95
T,158000,IL1~op2,100000,6.66,100000,7.08
T,158000,IL1~op3,100000,0.09,100000,0.12
T,158000,IL1~op4,100000,0.0,100000,0.02
T,158000,IL1~op5,100000,0.0,100000,0.02
T,158000,IL1~op6,100000,16.61,100000,17.64
T,158000,IL1~op7,100000,6.43,100000,6.86
T,158000,IL1~op8,100000,0.42,100000,0.46
T,158000,IL1~op9,100000,0.0,100000,0.02
T,158000,IL1~op10,100000,0.0,100000,0.02
S,160000,Vol Update,0.10270280000000001
T,160000,CHI1~COLD,100000,99.38,100000,99.39
T,160000,CHI1~op1,100000,18.61,100000,19.79
T,160000,CHI1~op2,100000,9.04,100000,9.63
T,160000,CHI1~op3,100000,0.67,100000,0.73
T,160000,CHI1~op4,100000,0.0,100000,0.02
T,160000,CHI1~op5,100000,0.0,100000,0.02
T,160000,CHI1~op6,100000,18.92,100000,20.11
T,160000,CHI1~op7,100000,9.5,100000,10.09
T,160000,CHI1~op8,100000,1.18,100000,1.27
T,160000,CHI1~op9,100000,0.0,100000,0.02
T,160000,CHI1~op10,100000,0.0,100000,0.02
T,160000,IL1~COLD,100000,99.38,100000,99.39
T,160000,IL1~op1,100000,18.61,100000,19.79
T,160000,IL1~op2,100000,9.04,100000,9.63
T,160000,IL1~op3,100000,0.67,100000,0.73
T,160000,IL1~op4,100000,0.0,100000,0.02
T,160000,IL1~op5,100000,0.0,100000,0.02
T,160000,IL1~op6,100000,18.92,100000,20.11
T,160000,IL1~op7,100000,9.5,100000,10.09
T,160000,IL1~op8,100000,1.18,100000,1.27
T,160000,IL1~op9,100000,0.0,100000,0.02
T,160000,IL1~op10,100000,0.0,100000,0.02
S,162000,Vol Update,0.10270280000000001
T,162000,CHI1~COLD,100000,98.57,100000,98.58
T,162000,CHI1~op1,100000,18.22,100000,19.36
T,162000,CHI1~op2,100000,8.53,100000,9.07
T,162000,CHI1~op3,100000,0.38,100000,0.43
T,162000,CHI1~op4,100000,0.0,100000,0.02
T,162000,CHI1~op5,100000,0.0,100000,0.02
T,162000,CHI1~op6,100000,16.9,100000,18.04
T,162000,CHI1~op7,100000,8.42,100000,8.97
T,162000,CHI1~op8,100000,0.88,100000,0.96
T,162000,CHI1~op9,100000,0.0,100000,0.02
T,162000,CHI1~op10,100000,0.0,100000,0.02
T,162000,IL1~COLD,100000,98.57,100000,98.58
T,162000,IL1~op1,100000,18.22,100000,19.36
T,162000,IL1~op2,100000,8.53,100000,9.07
T,162000,IL1~op3,100000,0.38,100000,0.43
T,162000,IL1~op4,100000,0.0,100000,0.02
T,162000,IL1~op5,100000,0.0,100000,0.02
T,162000,IL1~op6,100000,16.9,100000,18.04
T,162000,IL1~op7,100000,8.42,100000,8.97
T,162000,IL1~op8,100000,0.88,100000,0.96
T,162000,IL1~op9,100000,0.0,100000,0.02
T,162000,IL1~op10,100000,0.0,100000,0.02
S,164000,Vol Update,0.10270280000000001
T,164000,CHI1~COLD,100000,100.11,100000,100.12
T,164000,CHI1~op1,100000,19.24,100000,20.47
T,164000,CHI1~op2,100000,9.79,100000,10.42
T,164000,CHI1~op3,100000,0.99,100000,1.07
T,164000,CHI1~op4,100000,0.0,100000,0.02
T,164000,CHI1~op5,100000,0.0,100000,0.02
T,164000,CHI1~op6,100000,20.02,100000,21.25
T,164000,CHI1~op7,100000,10.58,100000,11.22
T,164000,CHI1~op8,100000,1.51,100000,1.62
T,164000,CHI1~op9,100000,0.0,100000,0.02
T,164000,CHI1~op10,100000,0.0,100000,0.02
T,164000,IL1~COLD,100000,100.11,100000,100.12
T,164000,IL1~op1,100000,19.24,100000,20.47
T,164000,IL1~op2,100000,9.79,100000,10.42
T,164000,IL1~op3,100000,0.99,100000,1.07
T,164000,IL1~op4,100000,0.0,100000,0.02
T,164000,IL1~op5,100000,0.0,100000,0.02
T,164000,IL1~op6,100000,20.02,100000,21.25
T,164000,IL1~op7,100000,10.58,100000,11.22
T,164000,IL1~op8,100000,1.51,100000,1.62
T,164000,IL1~op9,100000,0.0,100000,0.02
T,164000,IL1~op10,100000,0.0,100000,0.02
S,166000,Vol Update,0.10270280000000001
T,166000,CHI1~COLD,100000,99.89,100000,99.9
T,166000,CHI1~op1,100000,19.3,100000,20.52
T,166000,CHI1~op2,100000,9.73,100000,10.34
T,166000,CHI1~op3,100000,0.84,100000,0.91
T,166000,CHI1~op4,100000,0.0,100000,0.02
T,166000,CHI1~op5,100000,0.0,100000,0.02
T,166000,CHI1~op6,100000,20.37,100000,21.59
T,166000,CHI1~op7,100000,9.92,100000,10.54
T,166000,CHI1~op8,100000,1.45,100000,1.56
T,166000,CHI1~op9,100000,0.0,100000,0.02
T,166000,CHI1~op10,100000,0.0,100000,0.02
T,166000,IL1~COLD,100000,99.89,100000,99.9
T,166000,IL1~op1,100000,19.3,100000,20.52
T,166000,IL1~op2,100000,9.73,100000,10.34
T,166000,IL1~op3,100000,0.84,100000,0.91
T,166000,IL1~op4,100000,0.0,100000,0.02
T,166000,IL1~op5,100000,0.0,100000,0.02
T,166000,IL1~op6,100000,20.37,100000,21.59
T,166000,IL1~op7,100000,9.92,100000,10.54
T,166000,IL1~op8,100000,1.45,100000,1.56
T,166000,IL1~op9,100000,0.0,100000,0.02
T,166000,IL1~op10,100000,0.0,100000,0.02
S,168000,Vol Update,0.10270280000000001
T,168000,CHI1~COLD,100000,100.76,100000,100.77000000000001
T,168000,CHI1~op1,100000,21.23,100000,22.49
T,168000,CHI1~op2,100000,10.8,100000,11.47
T,168000,CHI1~op3,100000,1.32,100000,1.42
T,168000,CHI1~op4,100000,0.0,100000,0.02
T,168000,CHI1~op5,100000,0.0,100000,0.02
T,168000,CHI1~op6,100000,20.2,100000,21.47
T,168000,CHI1~op7,100000,11.28,100000,11.96
T,168000,CHI1~op8,100000,1.81,100000,1.95
T,168000,CHI1~op9,100000,0.0,100000,0.02
T,168000,CHI1~op10,100000,0.0,100000,0.02
T,168000,IL1~COLD,100000,100.76,100000,100.77000000000001
T,168000,IL1~op1,100000,21.23,100000,22.49
T,168000,IL1~op2,100000,10.8,100000,11.47
T,168000,IL1~op3,100000,1.32,100000,1.42
T,168000,IL1~op4,100000,0.0,100000,0.02
T,168000,IL1~op5,100000,0.0,100000,0.02
T,168000,IL1~op6,100000,20.2,100000,21.47
T,168000,IL1~op7,100000,11.28,100000,11.96
T,168000,IL1~op8,100000,1.81,100000,1.95
T,168000,IL1~op9,100000,0.0,100000,0.02
T,168000,IL1~op10,100000,0.0,100000,0.02
S,170000,Vol Update,0.10270280000000001
T,170000,CHI1~COLD,100000,102.57,100000,102.58
T,170000,CHI1~op1,100000,22.33,100000,23.71
T,170000,CHI1~op2,100000,11.66,100000,12.43
T,170000,CHI1~op3,100000,2.6,100000,2.78
T,170000,CHI1~op4,100000,0.0,100000,0.02
T,170000,CHI1~op5,100000,0.0,100000,0.02
T,170000,CHI1~op6,100000,21.2,100000,22.58
T,170000,CHI1~op7,100000,12.51,100000,13.29
T,170000,CHI1~op8,100000,3.1,100000,3.31
T,170000,CHI1~op9,100000,0.03,100000,0.05
T,170000,CHI1~op10,100000,0.0,100000,0.02
T,170000,IL1~COLD,100000,102.57,100000,102.58
T,170000,IL1~op1,100000,22.33,100000,23.71
T,170000,IL1~op2,100000,11.66,100000,12.43
T,170000,IL1~op3,100000,2.6,100000,2.78
T,170000,IL1~op4,100000,0.0,100000,0.02
T,170000,IL1~op5,100000,0.0,100000,0.02
T,170000,IL1~op6,100000,21.2,100000,22.58
T,170000,IL1~op7,100000,12.51,100000,13.29
T,170000,IL1~op8,100000,3.1,100000,3.31
T,170000,IL1~op9,100000,0.03,100000,0.05
T,170000,IL1~op10,100000,0.0,100000,0.02
S,172000,Vol Update,0.10270280000000001
T,172000,CHI1~COLD,100000,100.22,100000,100.23
T,172000,CHI1~op1,100000,19.89,100000,21.13
T,172000,CHI1~op2,100000,10.19,100000,10.82
T,172000,CHI1~op3,100000,0.89,100000,0.96
T,172000,CHI1~op4,100000,0.0,100000,0.02
T,172000,CHI1~op5,100000,0.0,100000,0.02
T,172000,CHI1~op6,100000,18.87,100000,20.1
T,172000,CHI1~op7,100000,10.23,100000,10.87
T,172000,CHI1~op8,100000,1.51,100000,1.63
T,172000,CHI1~op9,100000,0.0,100000,0.02
T,172000,CHI1~op10,100000,0.0,100000,0.02
T,172000,IL1~COLD,100000,100.22,100000,100.23
T,172000,IL1~op1,100000,19.89,100000,21.13
T,172000,IL1~op2,100000,10.19,100000,10.82
T,172000,IL1~op3,100000,0.89,100000,0.96
T,172000,IL1~op4,100000,0.0,100000,0.02
T,172000,IL1~op5,100000,0.0,100000,0.02
T,172000,IL1~op6,100000,18.87,100000,20.1
T,172000,IL1~op7,100000,10.23,100000,10.87
T,172000,IL1~op8,100000,1.51,100000,1.63
T,172000,IL1~op9,100000,0.0,100000,0.02
T,172000,IL1~op10,100000,0.0,100000,0.02
S,174000,Vol Update,0.10270280000000001
T,174000,CHI1~COLD,100000,98.7,100000,98.71000000000001
T,174000,CHI1~op1,100000,17.62,100000,18.77
T,174000,CHI1~op2,100000,8.16,100000,8.7
T,174000,CHI1~op3,100000,0.28,100000,0.32
T,174000,CHI1~op4,100000,0.0,100000,0.02
T,174000,CHI1~op5,100000,0.0,100000,0.02
T,174000,CHI1~op6,100000,18.2,100000,19.35
T,174000,CHI1~op7,100000,8.19,100000,8.74
T,174000,CHI1~op8,100000,0.85,100000,0.92
T,174000,CHI1~op9,100000,0.0,100000,0.02
T,174000,CHI1~op10,100000,0.0,100000,0.02
T,174000,IL1~COLD,100000,98.7,100000,98.71000000000001
T,174000,IL1~op1,100000,17.62,100000,18.77
T,174000,IL1~op2,100000,8.16,100000,8.7
T,174000,IL1~op3,100000,0.28,100000,0.32
T,174000,IL1~op4,100000,0.0,100000,0.02
T,174000,IL1~op5,100000,0.0,100000,0.02
T,174000,IL1~op6,100000,18.2,100000,19.35
T,174000,IL1~op7,100000,8.19,100000,8.74
T,174000,IL1~op8,100000,0.85,100000,0.92
T,174000,IL1~op9,100000,0.0,100000,0.02
T,174000,IL1~op10,100000,0.0,100000,0.02
S,176000,Vol Update,0.10270280000000001
T,176000,CHI1~COLD,100000,102.47,100000,102.48
T,176000,CHI1~op1,100000,20.13,100000,21.5
T,176000,CHI1~op2,100000,12.36,100000,13.13
T,176000,CHI1~op3,100000,2.49,100000,2.66
T,176000,CHI1~op4,100000,0.0,100000,0.02
T,176000,CHI1~op5,100000,0.0,100000,0.02
T,176000,CHI1~op6,100000,20.99,100000,22.37
T,176000,CHI1~op7,100000,12.12,100000,12.89
T,176000,CHI1~op8,100000,3.03,100000,3.24
T,176000,CHI1~op9,100000,0.02,100000,0.04
T,176000,CHI1~op10,100000,0.0,100000,0.02
T,176000,IL1~COLD,100000,102.47,100000,102.48
T,176000,IL1~op1,100000,20.13,100000,21.5
T,176000,IL1~op2,100000,12.36,100000,13.13
T,176000,IL1~op3,100000,2.49,100000,2.66
T,176000,IL1~op4,100000,0.0,100000,0.02
T,176000,IL1~op5,100000,0.0,100000,0.02
T,176000,IL1~op6,100000,20.99,100000,22.37
T,176000,IL1~op7,100000,12.12,100000,12.89
T,176000,IL1~op8,100000,3.03,100000,3.24
T,176000,IL1~op9,100000,0.02,100000,0.04
T,176000,IL1~op10,100000,0.0,100000,0.02
S,178000,Vol Update,0.10270280000000001
T,178000,CHI1~COLD,100000,105.57,100000,105.58
T,178000,CHI1~op1,100000,24.43,100000,25.99
T,178000,CHI1~op2,100000,15.73,100000,16.69
T,178000,CHI1~op3,100000,5.44,100000,5.8
T,178000,CHI1~op4,100000,0.0,100000,0.02
T,178000,CHI1~op5,100000,0.0,100000,0.02
T,178000,CHI1~op6,100000,25.45,100000,27.01
T,178000,CHI1~op7,100000,15.19,100000,16.15
T,178000,CHI1~op8,100000,5.68,100000,6.05
T,178000,CHI1~op9,100000,0.21,100000,0.24
T,178000,CHI1~op10,100000,0.0,100000,0.02
T,178000,IL1~COLD,100000,105.57,100000,105.58
T,178000,IL1~op1,100000,24.43,100000,25.99
T,178000,IL1~op2,100000,15.73,100000,16.69
T,178000,IL1~op3,100000,5.44,100000,5.8
T,178000,IL1~op4,100000,0.0,100000,0.02
T,178000,IL1~op5,100000,0.0,100000,0.02
T,178000,IL1~op6,100000,25.45,100000,27.01
T,178000,IL1~op7,100000,15.19,100000,16.15
T,178000,IL1~op8,100000,5.68,100000,6.05
T,178000,IL1~op9,100000,0.21,100000,0.24
T,178000,IL1~op10,100000,0.0,100000,0.02
S,180000,Vol Update,0.10270280000000001
T,180000,CHI1~COLD,100000,103.48,100000,103.49000000000001
T,180000,CHI1~op1,100000,22.27,100000,23.7
T,180000,CHI1~op2,100000,12.87,100000,13.7
T,180000,CHI1~op3,100000,3.52,100000,3.75
T,180000,CHI1~op4,100000,0.0,100000,0.02
T,180000,CHI1~op5,100000,0.0,100000,0.02
T,180000,CHI1~op6,100000,22.75,100000,24.18
T,180000,CHI1~op7,100000,12.21,100000,13.04
T,180000,CHI1~op8,100000,3.75,100000,4.0
T,180000,CHI1~op9,100000,0.05,100000,0.07
T,180000,CHI1~op10,100000,0.0,100000,0.02
T,180000,IL1~COLD,100000,103.48,100000,103.49000000000001
T,180000,IL1~op1,100000,22.27,100000,23.7
T,180000,IL1~op2,100000,12.87,100000,13.7
T,180000,IL1~op3,100000,3.52,100000,3.75
T,180000,IL1~op4,100000,0.0,100000,0.02
T,180000,IL1~op5,100000,0.0,100000,0.02
T,180000,IL1~op6,100000,22.75,100000,24.18
T,180000,IL1~op7,100000,12.21,100000,13.04
T,180000,IL1~op8,100000,3.75,100000,4.0
T,180000,IL1~op9,100000,0.05,100000,0.07
T,180000,IL1~op10,100000,0.0,100000,0.02
S,182000,Vol Update,0.10270280000000001
T,182000,CHI1~COLD,100000,104.69,100000,104.7
T,182000,CHI1~op1,100000,23.38,100000,24.88
T,182000,CHI1~op2,100000,14.59,100000,15.49
T,182000,CHI1~op3,100000,4.62,100000,4.92
T,182000,CHI1~op4,100000,0.0,100000,0.02
T,182000,CHI1~op5,100000,0.0,100000,0.02
T,182000,CHI1~op6,100000,24.84,100000,26.34
T,182000,CHI1~op7,100000,15.36,100000,16.27
T,182000,CHI1~op8,100000,4.77,100000,5.09
T,182000,CHI1~op9,100000,0.1,100000,0.13
T,182000,CHI1~op10,100000,0.0,100000,0.02
T,182000,IL1~COLD,100000,104.69,100000,104.7
T,182000,IL1~op1,100000,23.38,100000,24.88
T,182000,IL1~op2,100000,14.59,100000,15.49
T,182000,IL1~op3,100000,4.62,100000,4.92
T,182000,IL1~op4,100000,0.0,100000,0.02
T,182000,IL1~op5,100000,0.0,100000,0.02
T,182000,IL1~op6,100000,24.84,100000,26.34
T,182000,IL1~op7,100000,15.36,100000,16.27
T,182000,IL1~op8,100000,4.77,100000,5.09
T,182000,IL1~op9,100000,0.1,100000,0.13
T,182000,IL1~op10,100000,0.0,100000,0.02
S,184000,Vol Update,0.10270280000000001
T,184000,CHI1~COLD,100000,102.39,100000,102.4
T,184000,CHI1~op1,100000,21.99,100000,23.36
T,184000,CHI1~op2,100000,12.2,100000,12.97
T,184000,CHI1~op3,100000,2.33,100000,2.5
T,184000,CHI1~op4,100000,0.0,100000,0.02
T,184000,CHI1~op5,100000,0.0,100000,0.02
T,184000,CHI1~op6,100000,21.7,100000,23.07
T,184000,CHI1~op7,100000,12.08,100000,12.85
T,184000,CHI1~op8,100000,2.94,100000,3.14
T,184000,CHI1~op9,100000,0.01,100000,0.03
T,184000,CHI1~op10,100000,0.0,100000,0.02
T,184000,IL1~COLD,100000,102.39,100000,102.4
T,184000,IL1~op1,100000,21.99,100000,23.36
T,184000,IL1~op2,100000,12.2,100000,12.97
T,184000,IL1~op3,100000,2.33,100000,2.5
T,184000,IL1~op4,100000,0.0,100000,0.02
T,184000,IL1~op5,100000,0.0,100000,0.02
T,184000,IL1~op6,100000,21.7,100000,23.07
T,184000,IL1~op7,100000,12.08,100000,12.85
T,184000,IL1~op8,100000,2.94,100000,3.14
T,184000,IL1~op9,100000,0.01,100000,0.03
T,184000,IL1~op10,100000,0.0,100000,0.02
S,186000,Vol Update,0.10270280000000001
T,186000,CHI1~COLD,100000,102.43,100000,102.44000000000001
T,186000,CHI1~op1,100000,21.15,100000,22.51
T,186000,CHI1~op2,100000,12.0,100000,12.77
T,186000,CHI1~op3,100000,2.39,100000,2.55
T,186000,CHI1~op4,100000,0.0,100000,0.02
T,186000,CHI1~op5,100000,0.0,100000,0.02
T,186000,CHI1~op6,100000,21.78,100000,23.15
T,186000,CHI1~op7,100000,12.35,100000,13.12
T,186000,CHI1~op8,100000,2.87,100000,3.07
T,186000,CHI1~op9,100000,0.01,100000,0.03
T,186000,CHI1~op10,100000,0.0,100000,0.02
T,186000,IL1~COLD,100000,102.43,100000,102.44000000000001
T,186000,IL1~op1,100000,21.15,100000,22.51
T,186000,IL1~op2,100000,12.0,100000,12.77
T,186000,IL1~op3,100000,2.39,100000,2.55
T,186000,IL1~op4,100000,0.0,100000,0.02
T,186000,IL1~op5,100000,0.0,100000,0.02
T,186000,IL1~op6,100000,21.78,100000,23.15
T,186000,IL1~op7,100000,12.35,100000,13.12
T,186000,IL1~op8,100000,2.87,100000,3.07
T,186000,IL1~op9,100000,0.01,100000,0.03
T,186000,IL1~op10,100000,0.0,100000,0.02
S,188000,Vol Update,0.10270280000000001
T,188000,CHI1~COLD,100000,101.3,100000,101.31
T,188000,CHI1~op1,100000,19.85,100000,21.15
T,188000,CHI1~op2,100000,11.26,100000,11.96
T,188000,CHI1~op3,100000,1.43,100000,1.53
T,188000,CHI1~op4,100000,0.0,100000,0.02
T,188000,CHI1~op5,100000,0.0,100000,0.02
T,188000,CHI1~op6,100000,21.36,100000,22.66
T,188000,CHI1~op7,100000,11.63,100000,12.33
T,188000,CHI1~op8,100000,1.97,100000,2.12
T,188000,CHI1~op9,100000,0.0,100000,0.02
T,188000,CHI1~op10,100000,0.0,100000,0.02
T,188000,IL1~COLD,100000,101.3,100000,101.31
T,188000,IL1~op1,100000,19.85,100000,21.15
T,188000,IL1~op2,100000,11.26,100000,11.96
T,188000,IL1~op3,100000,1.43,100000,1.53
T,188000,IL1~op4,100000,0.0,100000,0.02
T,188000,IL1~op5,100000,0.0,100000,0.02
T,188000,IL1~op6,100000,21.36,100000,22.66
T,188000,IL1~op7,100000,11.63,100000,12.33
T,188000,IL1~op8,100000,1.97,100000,2.12
T,188000,IL1~op9,100000,0.0,100000,0.02
T,188000,IL1~op10,100000,0.0,100000,0.02
S,190000,Vol Update,0.10270280000000001
T,190000,CHI1~COLD,100000,103.29,100000,103.30000000000001
T,190000,CHI1~op1,100000,23.1,100000,24.52
T,190000,CHI1~op2,100000,12.5,100000,13.32
T,190000,CHI1~op3,100000,3.17,100000,3.38
T,190000,CHI1~op4,100000,0.0,100000,0.02
T,190000,CHI1~op5,100000,0.0,100000,0.02
T,190000,CHI1~op6,100000,24.04,100000,25.47
T,190000,CHI1~op7,100000,12.71,100000,13.54
T,190000,CHI1~op8,100000,3.5,100000,3.74
T,190000,CHI1~op9,100000,0.02,100000,0.04
T,190000,CHI1~op10,100000,0.0,100000,0.02
T,190000,IL1~COLD,100000,103.29,100000,103.30000000000001
T,190000,IL1~op1,100000,23.1,100000,24.52
T,190000,IL1~op2,100000,12.5,100000,13.32
T,190000,IL1~op3,100000,3.17,100000,3.38
T,190000,IL1~op4,100000,0.0,100000,0.02
T,190000,IL1~op5,100000,0.0,100000,0.02
T,190000,IL1~op6,100000,24.04,100000,25.47
T,190000,IL1~op7,100000,12.71,100000,13.54
T,190000,IL1~op8,100000,3.5,100000,3.74
T,190000,IL1~op9,100000,0.02,100000,0.04
T,190000,IL1~op10,100000,0.0,100000,0.02
S,192000,Vol Update,0.10270280000000001
T,192000,CHI1~COLD,100000,101.52,100000,101.53
T,192000,CHI1~op1,100000,20.47,100000,21.78
T,192000,CHI1~op2,100000,11.1,100000,11.81
T,192000,CHI1~op3,100000,1.52,100000,1.63
T,192000,CHI1~op4,100000,0.0,100000,0.02
T,192000,CHI1~op5,100000,0.0,100000,0.02
T,192000,CHI1~op6,100000,20.9,100000,22.22
T,192000,CHI1~op7,100000,11.54,100000,12.25
T,192000,CHI1~op8,100000,2.13,100000,2.29
T,192000,CHI1~op9,100000,0.0,100000,0.02
T,192000,CHI1~op10,100000,0.0,100000,0.02
T,192000,IL1~COLD,100000,101.52,100000,101.53
T,192000,IL1~op1,100000,20.47,100000,21.78
T,192000,IL1~op2,100000,11.1,100000,11.81
T,192000,IL1~op3,100000,1.52,100000,1.63
T,192000,IL1~op4,100000,0.0,100000,0.02
T,192000,IL1~op5,100000,0.0,100000,0.02
T,192000,IL1~op6,100000,20.9,100000,22.22
T,192000,IL1~op7,100000,11.54,100000,12.25
T,192000,IL1~op8,100000,2.13,100000,2.29
T,192000,IL1~op9,100000,0.0,100000,0.02
T,192000,IL1~op10,100000,0.0,100000,0.02
S,194000,Vol Update,0.10270280000000001
T,194000,CHI1~COLD,100000,105.42,100000,105.43
T,194000,CHI1~op1,100000,26.03,100000,27.57
T,194000,CHI1~op2,100000,14.66,100000,15.61
T,194000,CHI1~op3,100000,5.17,100000,5.52
T,194000,CHI1~op4,100000,0.0,100000,0.02
T,194000,CHI1~op5,100000,0.0,100000,0.02
T,194000,CHI1~op6,100000,24.81,100000,26.36
T,194000,CHI1~op7,100000,15.4,100000,16.35
T,194000,CHI1~op8,100000,5.39,100000,5.74
T,194000,CHI1~op9,100000,0.12,100000,0.15
T,194000,CHI1~op10,100000,0.0,100000,0.02
T,194000,IL1~COLD,100000,105.42,100000,105.43
T,194000,IL1~op1,100000,26.03,100000,27.57
T,194000,IL1~op2,100000,14.66,100000,15.61
T,194000,IL1~op3,100000,5.17,100000,5.52
T,194000,IL1~op4,100000,0.0,100000,0.02
T,194000,IL1~op5,100000,0.0,100000,0.02
T,194000,IL1~op6,100000,24.81,100000,26.36
T,194000,IL1~op7,100000,15.4,100000,16.35
T,194000,IL1~op8,100000,5.39,100000,5.74
T,194000,IL1~op9,100000,0.12,100000,0.15
T,194000,IL1~op10,100000,0.0,100000,0.02
S,196000,Vol Update,0.10270280000000001
T,196000,CHI1~COLD,100000,103.25,100000,103.26
T,196000,CHI1~op1,100000,22.14,100000,23.56
T,196000,CHI1~op2,100000,12.63,100000,13.44
T,196000,CHI1~op3,100000,3.14,100000,3.36
T,196000,CHI1~op4,100000,0.0,100000,0.02
T,196000,CHI1~op5,100000,0.0,100000,0.02
T,196000,CHI1~op6,100000,21.94,100000,23.36
T,196000,CHI1~op7,100000,13.18,100000,14.0
T,196000,CHI1~op8,100000,3.5,100000,3.73
T,196000,CHI1~op9,100000,0.01,100000,0.03
T,196000,CHI1~op10,100000,0.0,100000,0.02
T,196000,IL1~COLD,100000,103.25,100000,103.26
T,196000,IL1~op1,100000,22.14,100000,23.56
T,196000,IL1~op2,100000,12.63,100000,13.44
T,196000,IL1~op3,100000,3.14,100000,3.36
T,196000,IL1~op4,100000,0.0,100000,0.02
T,196000,IL1~op5,100000,0.0,100000,0.02
T,196000,IL1~op6,100000,21.94,100000,23.36
T,196000,IL1~op7,100000,13.18,100000,14.0
T,196000,IL1~op8,100000,3.5,100000,3.73
T,196000,IL1~op9,100000,0.01,100000,0.03
T,196000,IL1~op10,100000,0.0,100000,0.02
S,198000,Vol Update,0.10270280000000001
T,198000,CHI1~COLD,100000,102.19,100000,102.2
T,198000,CHI1~op1,100000,21.46,100000,22.81
T,198000,CHI1~op2,100000,12.43,100000,13.18
T,198000,CHI1~op3,100000,2.0,100000,2.15
T,198000,CHI1~op4,100000,0.0,100000,0.02
T,198000,CHI1~op5,100000,0.0,100000,0.02
T,198000,CHI1~op6,100000,21.39,100000,22.75
T,198000,CHI1~op7,100000,11.41,100000,12.17
T,198000,CHI1~op8,100000,2.68,100000,2.86
T,198000,CHI1~op9,100000,0.0,100000,0.02
T,198000,CHI1~op10,100000,0.0,100000,0.02
T,198000,IL1~COLD,100000,102.19,100000,102.2
T,198000,IL1~op1,100000,21.46,100000,22.81
T,198000,IL1~op2,100000,12.43,100000,13.18
T,198000,IL1~op3,100000,2.0,100000,2.15
T,198000,IL1~op4,100000,0.0,100000,0.02
T,198000,IL1~op5,100000,0.0,100000,0.02
T,198000,IL1~op6,100000,21.39,100000,22.75
T,198000,IL1~op7,100000,11.41,100000,12.17
T,198000,IL1~op8,100000,2.68,100000,2.86
T,198000,IL1~op9,100000,0.0,100000,0.02
T,198000,IL1~op10,100000,0.0,100000,0.02
S,200000,Vol Update,0.10270280000000001
T,200000,CHI1~COLD,100000,97.53,100000,97.54
T,200000,CHI1~op1,100000,16.36,100000,17.44
T,200000,CHI1~op2,100000,7.57,100000,8.04
T,200000,CHI1~op3,100000,0.0,100000,0.02
T,200000,CHI1~op4,100000,0.0,100000,0.02
T,200000,CHI1~op5,100000,0.0,100000,0.02
T,200000,CHI1~op6,100000,16.95,100000,18.03
T,200000,CHI1~op7,100000,7.49,100000,7.97
T,200000,CHI1~op8,100000,0.31,100000,0.35
T,200000,CHI1~op9,100000,0.0,100000,0.02
T,200000,CHI1~op10,100000,0.0,100000,0.02
T,200000,IL1~COLD,100000,97.53,100000,97.54
T,200000,IL1~op1,100000,16.36,100000,17.44
T,200000,IL1~op2,100000,7.57,100000,8.04
T,200000,IL1~op3,100000,0.0,100000,0.02
T,200000,IL1~op4,100000,0.0,100000,0.02
T,200000,IL1~op5,100000,0.0,100000,0.02
T,200000,IL1~op6,100000,16.95,100000,18.03
T,200000,IL1~op7,100000,7.49,100000,7.97
T,200000,IL1~op8,100000,0.31,100000,0.35
T,200000,IL1~op9,100000,0.0,100000,0.02
T,200000,IL1~op10,100000,0.0,100000,0.02
