T,0,COLD~CHI1,100000,100.0,100000,100.0
T,0,op1~CHI1,100000,19.41,100000,20.64
T,0,op2~CHI1,100000,9.7,100000,10.33
T,0,op3~CHI1,100000,2.19,100000,2.34
T,0,op4~CHI1,100000,0.07,100000,0.09
T,0,op5~CHI1,100000,0.0,100000,0.02
T,0,op6~CHI1,100000,18.87,100000,20.1
T,0,op7~CHI1,100000,10.19,100000,10.84
T,0,op8~CHI1,100000,2.43,100000,2.6
T,0,op9~CHI1,100000,0.14,100000,0.17
T,0,op10~CHI1,100000,0.0,100000,0.02
T,1,COLD~CHI1,100000,97.43,100000,97.43
T,1,op1~CHI1,100000,17.13,100000,18.22
T,1,op2~CHI1,100000,9.17,100000,9.74
T,1,op3~CHI1,100000,3.34,100000,3.57
T,1,op4~CHI1,100000,0.92,100000,1.0
T,1,op5~CHI1,100000,0.18,100000,0.21
T,1,op6~CHI1,100000,18.03,100000,19.14
T,1,op7~CHI1,100000,8.59,100000,9.19
T,1,op8~CHI1,100000,4.1,100000,4.37
T,1,op9~CHI1,100000,1.34,100000,1.45
T,1,op10~CHI1,100000,0.35,100000,0.4
T,2,COLD~CHI1,100000,97.92,100000,97.92
T,2,op1~CHI1,100000,17.84,100000,18.95
T,2,op2~CHI1,100000,9.49,100000,10.08
T,2,op3~CHI1,100000,3.56,100000,3.8
T,2,op4~CHI1,100000,0.99,100000,1.07
T,2,op5~CHI1,100000,0.21,100000,0.24
T,2,op6~CHI1,100000,18.15,100000,19.28
T,2,op7~CHI1,100000,9.45,100000,10.08
T,2,op8~CHI1,100000,4.34,100000,4.63
T,2,op9~CHI1,100000,1.41,100000,1.52
T,2,op10~CHI1,100000,0.37,100000,0.41
T,3,COLD~CHI1,100000,96.47,100000,96.47
T,3,op1~CHI1,100000,16.26,100000,17.29
T,3,op2~CHI1,100000,8.88,100000,9.41
T,3,op3~CHI1,100000,2.9,100000,3.1
T,3,op4~CHI1,100000,0.73,100000,0.79
T,3,op5~CHI1,100000,0.13,100000,0.16
T,3,op6~CHI1,100000,16.83,100000,17.87
T,3,op7~CHI1,100000,8.89,100000,9.45
T,3,op8~CHI1,100000,3.76,100000,4.01
T,3,op9~CHI1,100000,1.17,100000,1.27
T,3,op10~CHI1,100000,0.28,100000,0.32
T,4,COLD~CHI1,100000,95.31,100000,95.31
T,4,op1~CHI1,100000,15.53,100000,16.5
T,4,op2~CHI1,100000,7.09,100000,7.57
T,4,op3~CHI1,100000,2.51,100000,2.69
T,4,op4~CHI1,100000,0.6,100000,0.65
T,4,op5~CHI1,100000,0.09,100000,0.12
T,4,op6~CHI1,100000,15.99,100000,16.97
T,4,op7~CHI1,100000,7.76,100000,8.26
T,4,op8~CHI1,100000,3.19,100000,3.4
T,4,op9~CHI1,100000,0.94,100000,1.02
T,4,op10~CHI1,100000,0.22,100000,0.25
T,5,COLD~CHI1,100000,97.41,100000,97.41
T,5,op1~CHI1,100000,16.69,100000,17.78
T,5,op2~CHI1,100000,8.69,100000,9.25
T,5,op3~CHI1,100000,3.42,100000,3.65
T,5,op4~CHI1,100000,0.9,100000,0.97
T,5,op5~CHI1,100000,0.15,100000,0.18
T,5,op6~CHI1,100000,17.52,100000,18.62
T,5,op7~CHI1,100000,9.25,100000,9.85
T,5,op8~CHI1,100000,3.91,100000,4.18
T,5,op9~CHI1,100000,1.32,100000,1.42
T,5,op10~CHI1,100000,0.32,100000,0.36
T,6,COLD~CHI1,100000,97.84,100000,97.84
T,6,op1~CHI1,100000,17.87,100000,18.98
T,6,op2~CHI1,100000,8.96,100000,9.54
T,6,op3~CHI1,100000,3.38,100000,3.62
T,6,op4~CHI1,100000,0.93,100000,1.0
T,6,op5~CHI1,100000,0.16,100000,0.19
T,6,op6~CHI1,100000,18.2,100000,19.32
T,6,op7~CHI1,100000,9.93,100000,10.55
T,6,op8~CHI1,100000,4.0,100000,4.28
T,6,op9~CHI1,100000,1.43,100000,1.54
T,6,op10~CHI1,100000,0.35,100000,0.39
T,7,COLD~CHI1,100000,95.19,100000,95.19
T,7,op1~CHI1,100000,15.2,100000,16.16
T,7,op2~CHI1,100000,7.17,100000,7.63
T,7,op3~CHI1,100000,2.46,100000,2.62
T,7,op4~CHI1,100000,0.56,100000,0.61
T,7,op5~CHI1,100000,0.08,100000,0.1
T,7,op6~CHI1,100000,14.66,100000,15.63
T,7,op7~CHI1,100000,8.04,100000,8.54
T,7,op8~CHI1,100000,3.05,100000,3.25
T,7,op9~CHI1,100000,0.86,100000,0.94
T,7,op10~CHI1,100000,0.2,100000,0.23
T,8,COLD~CHI1,100000,96.49,100000,96.49
T,8,op1~CHI1,100000,15.62,100000,16.66
T,8,op2~CHI1,100000,7.99,100000,8.51
T,8,op3~CHI1,100000,2.78,100000,2.97
T,8,op4~CHI1,100000,0.68,100000,0.74
T,8,op5~CHI1,100000,0.11,100000,0.13
T,8,op6~CHI1,100000,16.84,100000,17.89
T,8,op7~CHI1,100000,8.68,100000,9.23
T,8,op8~CHI1,100000,3.64,100000,3.87
T,8,op9~CHI1,100000,1.08,100000,1.16
T,8,op10~CHI1,100000,0.25,100000,0.29
T,9,COLD~CHI1,100000,99.92,100000,99.92
T,9,op1~CHI1,100000,19.92,100000,21.15
T,9,op2~CHI1,100000,11.21,100000,11.9
T,9,op3~CHI1,100000,4.29,100000,4.58
T,9,op4~CHI1,100000,1.23,100000,1.32
T,9,op5~CHI1,100000,0.25,100000,0.29
T,9,op6~CHI1,100000,19.58,100000,20.82
T,9,op7~CHI1,100000,11.31,100000,12.02
T,9,op8~CHI1,100000,5.19,100000,5.53
T,9,op9~CHI1,100000,1.72,100000,1.85
T,9,op10~CHI1,100000,0.48,100000,0.53
T,10,COLD~CHI1,100000,100.05,100000,100.05
T,10,op1~CHI1,100000,19.62,100000,20.86
T,10,op2~CHI1,100000,10.84,100000,11.53
T,10,op3~CHI1,100000,4.4,100000,4.69
T,10,op4~CHI1,100000,1.33,100000,1.43
T,10,op5~CHI1,100000,0.26,100000,0.29
T,10,op6~CHI1,100000,21.33,100000,22.57
T,10,op7~CHI1,100000,11.09,100000,11.81
T,10,op8~CHI1,100000,5.16,100000,5.5
T,10,op9~CHI1,100000,1.81,100000,1.94
T,10,op10~CHI1,100000,0.51,100000,0.56
T,11,COLD~CHI1,100000,101.81,100000,101.81
T,11,op1~CHI1,100000,21.49,100000,22.84
T,11,op2~CHI1,100000,12.04,100000,12.82
T,11,op3~CHI1,100000,5.28,100000,5.63
T,11,op4~CHI1,100000,1.74,100000,1.86
T,11,op5~CHI1,100000,0.37,100000,0.41
T,11,op6~CHI1,100000,21.56,100000,22.91
T,11,op7~CHI1,100000,13.37,100000,14.18
T,11,op8~CHI1,100000,5.93,100000,6.33
T,11,op9~CHI1,100000,2.19,100000,2.35
T,11,op10~CHI1,100000,0.62,100000,0.68
T,12,COLD~CHI1,100000,101.82,100000,101.82
T,12,op1~CHI1,100000,21.99,100000,23.34
T,12,op2~CHI1,100000,12.61,100000,13.39
T,12,op3~CHI1,100000,5.43,100000,5.78
T,12,op4~CHI1,100000,1.66,100000,1.78
T,12,op5~CHI1,100000,0.34,100000,0.39
T,12,op6~CHI1,100000,22.3,100000,23.65
T,12,op7~CHI1,100000,12.72,100000,13.52
T,12,op8~CHI1,100000,6.1,100000,6.49
T,12,op9~CHI1,100000,2.26,100000,2.42
T,12,op10~CHI1,100000,0.65,100000,0.72
T,13,COLD~CHI1,100000,98.42,100000,98.42
T,13,op1~CHI1,100000,18.1,100000,19.25
T,13,op2~CHI1,100000,9.2,100000,9.8
T,13,op3~CHI1,100000,3.63,100000,3.87
T,13,op4~CHI1,100000,0.91,100000,0.99
T,13,op5~CHI1,100000,0.16,100000,0.19
T,13,op6~CHI1,100000,18.42,100000,19.57
T,13,op7~CHI1,100000,9.77,100000,10.41
T,13,op8~CHI1,100000,4.13,100000,4.41
T,13,op9~CHI1,100000,1.37,100000,1.47
T,13,op10~CHI1,100000,0.33,100000,0.37
T,14,COLD~CHI1,100000,97.49,100000,97.49
T,14,op1~CHI1,100000,16.85,100000,17.93
T,14,op2~CHI1,100000,8.66,100000,9.22
T,14,op3~CHI1,100000,3.02,100000,3.23
T,14,op4~CHI1,100000,0.73,100000,0.8
T,14,op5~CHI1,100000,0.11,100000,0.14
T,14,op6~CHI1,100000,17.43,100000,18.53
T,14,op7~CHI1,100000,8.91,100000,9.51
T,14,op8~CHI1,100000,3.85,100000,4.1
T,14,op9~CHI1,100000,1.18,100000,1.27
T,14,op10~CHI1,100000,0.28,100000,0.32
T,15,COLD~CHI1,100000,97.67,100000,97.67
T,15,op1~CHI1,100000,17.43,100000,18.53
T,15,op2~CHI1,100000,8.68,100000,9.25
T,15,op3~CHI1,100000,3.28,100000,3.49
T,15,op4~CHI1,100000,0.76,100000,0.82
T,15,op5~CHI1,100000,0.11,100000,0.14
T,15,op6~CHI1,100000,17.44,100000,18.55
T,15,op7~CHI1,100000,9.25,100000,9.85
T,15,op8~CHI1,100000,3.75,100000,4.01
T,15,op9~CHI1,100000,1.12,100000,1.21
T,15,op10~CHI1,100000,0.27,100000,0.31
T,16,COLD~CHI1,100000,98.35,100000,98.35
T,16,op1~CHI1,100000,18.34,100000,19.48
T,16,op2~CHI1,100000,9.53,100000,10.13
T,16,op3~CHI1,100000,3.44,100000,3.68
T,16,op4~CHI1,100000,0.84,100000,0.92
T,16,op5~CHI1,100000,0.14,100000,0.17
T,16,op6~CHI1,100000,19.53,100000,20.68
T,16,op7~CHI1,100000,9.45,100000,10.08
T,16,op8~CHI1,100000,4.16,100000,4.44
T,16,op9~CHI1,100000,1.24,100000,1.34
T,16,op10~CHI1,100000,0.32,100000,0.36
T,17,COLD~CHI1,100000,98.63,100000,98.63
T,17,op1~CHI1,100000,18.31,100000,19.46
T,17,op2~CHI1,100000,8.92,100000,9.53
T,17,op3~CHI1,100000,3.61,100000,3.85
T,17,op4~CHI1,100000,0.88,100000,0.95
T,17,op5~CHI1,100000,0.13,100000,0.16
T,17,op6~CHI1,100000,18.07,100000,19.23
T,17,op7~CHI1,100000,9.94,100000,10.58
T,17,op8~CHI1,100000,4.3,100000,4.59
T,17,op9~CHI1,100000,1.36,100000,1.46
T,17,op10~CHI1,100000,0.35,100000,0.39
T,18,COLD~CHI1,100000,97.83,100000,97.83
T,18,op1~CHI1,100000,18.3,100000,19.4
T,18,op2~CHI1,100000,8.61,100000,9.19
T,18,op3~CHI1,100000,3.17,100000,3.38
T,18,op4~CHI1,100000,0.73,100000,0.79
T,18,op5~CHI1,100000,0.11,100000,0.13
T,18,op6~CHI1,100000,18.16,100000,19.28
T,18,op7~CHI1,100000,9.06,100000,9.67
T,18,op8~CHI1,100000,3.75,100000,4.01
T,18,op9~CHI1,100000,1.24,100000,1.33
T,18,op10~CHI1,100000,0.26,100000,0.3
T,19,COLD~CHI1,100000,94.38,100000,94.38
T,19,op1~CHI1,100000,13.98,100000,14.89
T,19,op2~CHI1,100000,6.24,100000,6.65
T,19,op3~CHI1,100000,1.89,100000,2.03
T,19,op4~CHI1,100000,0.34,100000,0.39
T,19,op5~CHI1,100000,0.03,100000,0.05
T,19,op6~CHI1,100000,15.18,100000,16.1
T,19,op7~CHI1,100000,7.08,100000,7.53
T,19,op8~CHI1,100000,2.32,100000,2.49
T,19,op9~CHI1,100000,0.65,100000,0.71
T,19,op10~CHI1,100000,0.12,100000,0.15
T,20,COLD~CHI1,100000,94.19,100000,94.19
T,20,op1~CHI1,100000,13.12,100000,14.01
T,20,op2~CHI1,100000,6.25,100000,6.65
T,20,op3~CHI1,100000,1.75,100000,1.88
T,20,op4~CHI1,100000,0.31,100000,0.35
T,20,op5~CHI1,100000,0.03,100000,0.05
T,20,op6~CHI1,100000,14.89,100000,15.8
T,20,op7~CHI1,100000,6.82,100000,7.26
T,20,op8~CHI1,100000,2.41,100000,2.58
T,20,op9~CHI1,100000,0.59,100000,0.65
T,20,op10~CHI1,100000,0.11,100000,0.14
T,21,COLD~CHI1,100000,96.27,100000,96.27
T,21,op1~CHI1,100000,16.79,100000,17.8
T,21,op2~CHI1,100000,7.74,100000,8.24
T,21,op3~CHI1,100000,2.5,100000,2.67
T,21,op4~CHI1,100000,0.49,100000,0.54
T,21,op5~CHI1,100000,0.05,100000,0.08
T,21,op6~CHI1,100000,15.98,100000,17.01
T,21,op7~CHI1,100000,8.35,100000,8.88
T,21,op8~CHI1,100000,3.03,100000,3.24
T,21,op9~CHI1,100000,0.83,100000,0.91
T,21,op10~CHI1,100000,0.17,100000,0.2
T,22,COLD~CHI1,100000,95.87,100000,95.87
T,22,op1~CHI1,100000,15.87,100000,16.86
T,22,op2~CHI1,100000,7.27,100000,7.74
T,22,op3~CHI1,100000,2.3,100000,2.46
T,22,op4~CHI1,100000,0.45,100000,0.5
T,22,op5~CHI1,100000,0.05,100000,0.07
T,22,op6~CHI1,100000,16.05,100000,17.05
T,22,op7~CHI1,100000,8.09,100000,8.6
T,22,op8~CHI1,100000,3.04,100000,3.25
T,22,op9~CHI1,100000,0.81,100000,0.88
T,22,op10~CHI1,100000,0.15,100000,0.18
T,23,COLD~CHI1,100000,95.76,100000,95.76
T,23,op1~CHI1,100000,15.39,100000,16.37
T,23,op2~CHI1,100000,7.13,100000,7.6
T,23,op3~CHI1,100000,2.12,100000,2.27
T,23,op4~CHI1,100000,0.42,100000,0.46
T,23,op5~CHI1,100000,0.04,100000,0.07
T,23,op6~CHI1,100000,15.27,100000,16.27
T,23,op7~CHI1,100000,8.02,100000,8.53
T,23,op8~CHI1,100000,2.89,100000,3.09
T,23,op9~CHI1,100000,0.77,100000,0.84
T,23,op10~CHI1,100000,0.15,100000,0.17
T,24,COLD~CHI1,100000,94.03,100000,94.03
T,24,op1~CHI1,100000,13.57,100000,14.46
T,24,op2~CHI1,100000,5.73,100000,6.12
T,24,op3~CHI1,100000,1.63,100000,1.75
T,24,op4~CHI1,100000,0.28,100000,0.31
T,24,op5~CHI1,100000,0.02,100000,0.04
T,24,op6~CHI1,100000,13.87,100000,14.77
T,24,op7~CHI1,100000,6.65,100000,7.08
T,24,op8~CHI1,100000,2.25,100000,2.41
T,24,op9~CHI1,100000,0.56,100000,0.61
T,24,op10~CHI1,100000,0.09,100000,0.12
T,25,COLD~CHI1,100000,94.87,100000,94.87
T,25,op1~CHI1,100000,14.25,100000,15.18
T,25,op2~CHI1,100000,6.73,100000,7.16
T,25,op3~CHI1,100000,1.84,100000,1.97
T,25,op4~CHI1,100000,0.31,100000,0.35
T,25,op5~CHI1,100000,0.03,100000,0.05
T,25,op6~CHI1,100000,14.7,100000,15.65
T,25,op7~CHI1,100000,7.18,100000,7.65
T,25,op8~CHI1,100000,2.55,100000,2.73
T,25,op9~CHI1,100000,0.63,100000,0.69
T,25,op10~CHI1,100000,0.11,100000,0.14
T,26,COLD~CHI1,100000,93.49,100000,93.49
T,26,op1~CHI1,100000,13.56,100000,14.41
T,26,op2~CHI1,100000,5.74,100000,6.11
T,26,op3~CHI1,100000,1.47,100000,1.58
T,26,op4~CHI1,100000,0.22,100000,0.25
T,26,op5~CHI1,100000,0.01,100000,0.03
T,26,op6~CHI1,100000,14.53,100000,15.4
T,26,op7~CHI1,100000,6.36,100000,6.77
T,26,op8~CHI1,100000,2.05,100000,2.2
T,26,op9~CHI1,100000,0.48,100000,0.53
T,26,op10~CHI1,100000,0.07,100000,0.1
T,27,COLD~CHI1,100000,94.17,100000,94.17
T,27,op1~CHI1,100000,14.02,100000,14.91
T,27,op2~CHI1,100000,6.28,100000,6.67
T,27,op3~CHI1,100000,1.6,100000,1.72
T,27,op4~CHI1,100000,0.25,100000,0.29
T,27,op5~CHI1,100000,0.02,100000,0.04
T,27,op6~CHI1,100000,14.56,100000,15.47
T,27,op7~CHI1,100000,6.59,100000,7.03
T,27,op8~CHI1,100000,2.36,100000,2.52
T,27,op9~CHI1,100000,0.54,100000,0.6
T,27,op10~CHI1,100000,0.09,100000,0.12
T,28,COLD~CHI1,100000,92.02,100000,92.02
T,28,op1~CHI1,100000,12.05,100000,12.82
T,28,op2~CHI1,100000,4.85,100000,5.16
T,28,op3~CHI1,100000,1.05,100000,1.13
T,28,op4~CHI1,100000,0.14,100000,0.17
T,28,op5~CHI1,100000,0.0,100000,0.02
T,28,op6~CHI1,100000,12.71,100000,13.5
T,28,op7~CHI1,100000,5.29,100000,5.64
T,28,op8~CHI1,100000,1.64,100000,1.76
T,28,op9~CHI1,100000,0.34,100000,0.38
T,28,op10~CHI1,100000,0.05,100000,0.07
T,29,COLD~CHI1,100000,94.6,100000,94.6
T,29,op1~CHI1,100000,13.4,100000,14.32
T,29,op2~CHI1,100000,5.84,100000,6.24
T,29,op3~CHI1,100000,1.67,100000,1.8
T,29,op4~CHI1,100000,0.26,100000,0.29
T,29,op5~CHI1,100000,0.02,100000,0.04
T,29,op6~CHI1,100000,14.65,100000,15.58
T,29,op7~CHI1,100000,6.94,100000,7.39
T,29,op8~CHI1,100000,2.38,100000,2.55
T,29,op9~CHI1,100000,0.56,100000,0.62
T,29,op10~CHI1,100000,0.09,100000,0.11
T,30,COLD~CHI1,100000,96.61,100000,96.61
T,30,op1~CHI1,100000,16.27,100000,17.3
T,30,op2~CHI1,100000,7.65,100000,8.15
T,30,op3~CHI1,100000,2.3,100000,2.46
T,30,op4~CHI1,100000,0.41,100000,0.46
T,30,op5~CHI1,100000,0.04,100000,0.06
T,30,op6~CHI1,100000,16.75,100000,17.8
T,30,op7~CHI1,100000,8.33,100000,8.86
T,30,op8~CHI1,100000,3.12,100000,3.33
T,30,op9~CHI1,100000,0.81,100000,0.88
T,30,op10~CHI1,100000,0.15,100000,0.18
T,31,COLD~CHI1,100000,93.3,100000,93.3
T,31,op1~CHI1,100000,13.36,100000,14.2
T,31,op2~CHI1,100000,5.11,100000,5.46
T,31,op3~CHI1,100000,1.35,100000,1.45
T,31,op4~CHI1,100000,0.18,100000,0.21
T,31,op5~CHI1,100000,0.01,100000,0.03
T,31,op6~CHI1,100000,13.84,100000,14.69
T,31,op7~CHI1,100000,6.05,100000,6.45
T,31,op8~CHI1,100000,1.9,100000,2.04
T,31,op9~CHI1,100000,0.39,100000,0.44
T,31,op10~CHI1,100000,0.06,100000,0.08
T,32,COLD~CHI1,100000,93.65,100000,93.65
T,32,op1~CHI1,100000,13.07,100000,13.93
T,32,op2~CHI1,100000,5.51,100000,5.87
T,32,op3~CHI1,100000,1.35,100000,1.45
T,32,op4~CHI1,100000,0.19,100000,0.22
T,32,op5~CHI1,100000,0.01,100000,0.03
T,32,op6~CHI1,100000,14.16,100000,15.03
T,32,op7~CHI1,100000,6.25,100000,6.65
T,32,op8~CHI1,100000,1.98,100000,2.13
T,32,op9~CHI1,100000,0.42,100000,0.47
T,32,op10~CHI1,100000,0.06,100000,0.08
T,33,COLD~CHI1,100000,91.13,100000,91.13
T,33,op1~CHI1,100000,11.4,100000,12.11
T,33,op2~CHI1,100000,4.05,100000,4.32
T,33,op3~CHI1,100000,0.82,100000,0.88
T,33,op4~CHI1,100000,0.08,100000,0.1
T,33,op5~CHI1,100000,0.0,100000,0.02
T,33,op6~CHI1,100000,11.09,100000,11.82
T,33,op7~CHI1,100000,4.65,100000,4.96
T,33,op8~CHI1,100000,1.24,100000,1.34
T,33,op9~CHI1,100000,0.23,100000,0.27
T,33,op10~CHI1,100000,0.03,100000,0.05
T,34,COLD~CHI1,100000,89.57,100000,89.57
T,34,op1~CHI1,100000,10.12,100000,10.75
T,34,op2~CHI1,100000,3.02,100000,3.23
T,34,op3~CHI1,100000,0.51,100000,0.57
T,34,op4~CHI1,100000,0.04,100000,0.06
T,34,op5~CHI1,100000,0.0,100000,0.02
T,34,op6~CHI1,100000,10.01,100000,10.66
T,34,op7~CHI1,100000,4.14,100000,4.4
T,34,op8~CHI1,100000,1.01,100000,1.09
T,34,op9~CHI1,100000,0.15,100000,0.18
T,34,op10~CHI1,100000,0.01,100000,0.03
T,35,COLD~CHI1,100000,86.06,100000,86.06
T,35,op1~CHI1,100000,7.04,100000,7.49
T,35,op2~CHI1,100000,1.64,100000,1.77
T,35,op3~CHI1,100000,0.19,100000,0.22
T,35,op4~CHI1,100000,0.0,100000,0.02
T,35,op5~CHI1,100000,0.0,100000,0.02
T,35,op6~CHI1,100000,7.31,100000,7.79
T,35,op7~CHI1,100000,2.27,100000,2.43
T,35,op8~CHI1,100000,0.45,100000,0.5
T,35,op9~CHI1,100000,0.05,100000,0.07
T,35,op10~CHI1,100000,0.0,100000,0.02
T,36,COLD~CHI1,100000,84.24,100000,84.24
T,36,op1~CHI1,100000,5.45,100000,5.81
T,36,op2~CHI1,100000,1.1,100000,1.19
T,36,op3~CHI1,100000,0.09,100000,0.12
T,36,op4~CHI1,100000,0.0,100000,0.02
T,36,op5~CHI1,100000,0.0,100000,0.02
T,36,op6~CHI1,100000,6.31,100000,6.71
T,36,op7~CHI1,100000,1.76,100000,1.89
T,36,op8~CHI1,100000,0.3,100000,0.34
T,36,op9~CHI1,100000,0.03,100000,0.05
T,36,op10~CHI1,100000,0.0,100000,0.02
T,37,COLD~CHI1,100000,87.88,100000,87.88
T,37,op1~CHI1,100000,8.53,100000,9.07
T,37,op2~CHI1,100000,2.17,100000,2.33
T,37,op3~CHI1,100000,0.32,100000,0.36
T,37,op4~CHI1,100000,0.01,100000,0.03
T,37,op5~CHI1,100000,0.0,100000,0.02
T,37,op6~CHI1,100000,8.74,100000,9.31
T,37,op7~CHI1,100000,3.03,100000,3.24
T,37,op8~CHI1,100000,0.65,100000,0.71
T,37,op9~CHI1,100000,0.08,100000,0.11
T,37,op10~CHI1,100000,0.0,100000,0.02
T,38,COLD~CHI1,100000,88.02,100000,88.02
T,38,op1~CHI1,100000,8.45,100000,9.0
T,38,op2~CHI1,100000,2.34,100000,2.51
T,38,op3~CHI1,100000,0.32,100000,0.36
T,38,op4~CHI1,100000,0.01,100000,0.03
T,38,op5~CHI1,100000,0.0,100000,0.02
T,38,op6~CHI1,100000,8.81,100000,9.38
T,38,op7~CHI1,100000,3.1,100000,3.31
T,38,op8~CHI1,100000,0.65,100000,0.71
T,38,op9~CHI1,100000,0.08,100000,0.11
T,38,op10~CHI1,100000,0.0,100000,0.02
T,39,COLD~CHI1,100000,88.46,100000,88.46
T,39,op1~CHI1,100000,8.85,100000,9.41
T,39,op2~CHI1,100000,2.5,100000,2.67
T,39,op3~CHI1,100000,0.34,100000,0.38
T,39,op4~CHI1,100000,0.02,100000,0.04
T,39,op5~CHI1,100000,0.0,100000,0.02
T,39,op6~CHI1,100000,9.42,100000,10.01
T,39,op7~CHI1,100000,3.17,100000,3.39
T,39,op8~CHI1,100000,0.69,100000,0.75
T,39,op9~CHI1,100000,0.09,100000,0.12
T,39,op10~CHI1,100000,0.0,100000,0.02
T,40,COLD~CHI1,100000,89.12,100000,89.12
T,40,op1~CHI1,100000,9.42,100000,10.02
T,40,op2~CHI1,100000,2.73,100000,2.92
T,40,op3~CHI1,100000,0.42,100000,0.46
T,40,op4~CHI1,100000,0.02,100000,0.04
T,40,op5~CHI1,100000,0.0,100000,0.02
T,40,op6~CHI1,100000,9.75,100000,10.38
T,40,op7~CHI1,100000,3.25,100000,3.49
T,40,op8~CHI1,100000,0.85,100000,0.92
T,40,op9~CHI1,100000,0.12,100000,0.15
T,40,op10~CHI1,100000,0.0,100000,0.02
T,41,COLD~CHI1,100000,90.62,100000,90.62
T,41,op1~CHI1,100000,10.44,100000,11.12
T,41,op2~CHI1,100000,3.47,100000,3.71
T,41,op3~CHI1,100000,0.55,100000,0.6
T,41,op4~CHI1,100000,0.04,100000,0.06
T,41,op5~CHI1,100000,0.0,100000,0.02
T,41,op6~CHI1,100000,11.34,100000,12.05
T,41,op7~CHI1,100000,4.31,100000,4.6
T,41,op8~CHI1,100000,1.03,100000,1.11
T,41,op9~CHI1,100000,0.17,100000,0.2
T,41,op10~CHI1,100000,0.01,100000,0.03
T,42,COLD~CHI1,100000,86.23,100000,86.23
T,42,op1~CHI1,100000,6.89,100000,7.34
T,42,op2~CHI1,100000,1.59,100000,1.71
T,42,op3~CHI1,100000,0.15,100000,0.18
T,42,op4~CHI1,100000,0.0,100000,0.02
T,42,op5~CHI1,100000,0.0,100000,0.02
T,42,op6~CHI1,100000,7.49,100000,7.97
T,42,op7~CHI1,100000,2.27,100000,2.43
T,42,op8~CHI1,100000,0.43,100000,0.47
T,42,op9~CHI1,100000,0.04,100000,0.06
T,42,op10~CHI1,100000,0.0,100000,0.02
T,43,COLD~CHI1,100000,87.51,100000,87.51
T,43,op1~CHI1,100000,7.84,100000,8.36
T,43,op2~CHI1,100000,1.97,100000,2.12
T,43,op3~CHI1,100000,0.23,100000,0.26
T,43,op4~CHI1,100000,0.0,100000,0.02
T,43,op5~CHI1,100000,0.0,100000,0.02
T,43,op6~CHI1,100000,8.47,100000,9.01
T,43,op7~CHI1,100000,2.77,100000,2.95
T,43,op8~CHI1,100000,0.52,100000,0.57
T,43,op9~CHI1,100000,0.06,100000,0.08
T,43,op10~CHI1,100000,0.0,100000,0.02
T,44,COLD~CHI1,100000,87.68,100000,87.68
T,44,op1~CHI1,100000,7.78,100000,8.3
T,44,op2~CHI1,100000,1.95,100000,2.09
T,44,op3~CHI1,100000,0.21,100000,0.25
T,44,op4~CHI1,100000,0.0,100000,0.02
T,44,op5~CHI1,100000,0.0,100000,0.02
T,44,op6~CHI1,100000,8.43,100000,8.98
T,44,op7~CHI1,100000,2.74,100000,2.93
T,44,op8~CHI1,100000,0.56,100000,0.62
T,44,op9~CHI1,100000,0.06,100000,0.08
T,44,op10~CHI1,100000,0.0,100000,0.02
T,45,COLD~CHI1,100000,91.11,100000,91.11
T,45,op1~CHI1,100000,10.66,100000,11.37
T,45,op2~CHI1,100000,3.77,100000,4.02
T,45,op3~CHI1,100000,0.58,100000,0.64
T,45,op4~CHI1,100000,0.04,100000,0.06
T,45,op5~CHI1,100000,0.0,100000,0.02
T,45,op6~CHI1,100000,11.82,100000,12.55
T,45,op7~CHI1,100000,4.7,100000,5.0
T,45,op8~CHI1,100000,1.12,100000,1.2
T,45,op9~CHI1,100000,0.16,100000,0.19
T,45,op10~CHI1,100000,0.01,100000,0.03
T,46,COLD~CHI1,100000,93.31,100000,93.31
T,46,op1~CHI1,100000,13.19,100000,14.02
T,46,op2~CHI1,100000,4.81,100000,5.14
T,46,op3~CHI1,100000,0.92,100000,1.0
T,46,op4~CHI1,100000,0.08,100000,0.1
T,46,op5~CHI1,100000,0.0,100000,0.02
T,46,op6~CHI1,100000,12.9,100000,13.74
T,46,op7~CHI1,100000,5.74,100000,6.11
T,46,op8~CHI1,100000,1.57,100000,1.69
T,46,op9~CHI1,100000,0.29,100000,0.33
T,46,op10~CHI1,100000,0.03,100000,0.05
T,47,COLD~CHI1,100000,94.1,100000,94.1
T,47,op1~CHI1,100000,13.71,100000,14.59
T,47,op2~CHI1,100000,5.49,100000,5.85
T,47,op3~CHI1,100000,1.14,100000,1.23
T,47,op4~CHI1,100000,0.09,100000,0.12
T,47,op5~CHI1,100000,0.0,100000,0.02
T,47,op6~CHI1,100000,14.21,100000,15.1
T,47,op7~CHI1,100000,5.95,100000,6.35
T,47,op8~CHI1,100000,1.86,100000,1.99
T,47,op9~CHI1,100000,0.32,100000,0.36
T,47,op10~CHI1,100000,0.04,100000,0.06
T,48,COLD~CHI1,100000,97.33,100000,97.33
T,48,op1~CHI1,100000,17.22,100000,18.29
T,48,op2~CHI1,100000,7.44,100000,7.95
T,48,op3~CHI1,100000,2.2,100000,2.35
T,48,op4~CHI1,100000,0.26,100000,0.3
T,48,op5~CHI1,100000,0.01,100000,0.03
T,48,op6~CHI1,100000,17.02,100000,18.1
T,48,op7~CHI1,100000,8.89,100000,9.43
T,48,op8~CHI1,100000,2.81,100000,3.02
T,48,op9~CHI1,100000,0.69,100000,0.75
T,48,op10~CHI1,100000,0.09,100000,0.12
T,49,COLD~CHI1,100000,93.75,100000,93.75
T,49,op1~CHI1,100000,13.74,100000,14.6
T,49,op2~CHI1,100000,5.18,100000,5.52
T,49,op3~CHI1,100000,1.0,100000,1.08
T,49,op4~CHI1,100000,0.08,100000,0.11
T,49,op5~CHI1,100000,0.0,100000,0.02
T,49,op6~CHI1,100000,13.37,100000,14.24
T,49,op7~CHI1,100000,5.73,100000,6.12
T,49,op8~CHI1,100000,1.61,100000,1.74
T,49,op9~CHI1,100000,0.29,100000,0.33
T,49,op10~CHI1,100000,0.03,100000,0.05
T,50,COLD~CHI1,100000,92.32,100000,92.32
T,50,op1~CHI1,100000,12.28,100000,13.05
T,50,op2~CHI1,100000,4.32,100000,4.6
T,50,op3~CHI1,100000,0.7,100000,0.76
T,50,op4~CHI1,100000,0.04,100000,0.06
T,50,op5~CHI1,100000,0.0,100000,0.02
T,50,op6~CHI1,100000,12.01,100000,12.8
T,50,op7~CHI1,100000,5.0,100000,5.33
T,50,op8~CHI1,100000,1.29,100000,1.39
T,50,op9~CHI1,100000,0.19,100000,0.22
T,50,op10~CHI1,100000,0.01,100000,0.03
T,51,COLD~CHI1,100000,88.64,100000,88.64
T,51,op1~CHI1,100000,8.84,100000,9.4
T,51,op2~CHI1,100000,2.3,100000,2.46
T,51,op3~CHI1,100000,0.24,100000,0.27
T,51,op4~CHI1,100000,0.0,100000,0.02
T,51,op5~CHI1,100000,0.0,100000,0.02
T,51,op6~CHI1,100000,9.26,100000,9.85
T,51,op7~CHI1,100000,2.93,100000,3.14
T,51,op8~CHI1,100000,0.58,100000,0.64
T,51,op9~CHI1,100000,0.06,100000,0.08
T,51,op10~CHI1,100000,0.0,100000,0.02
T,52,COLD~CHI1,100000,92.85,100000,92.85
T,52,op1~CHI1,100000,12.68,100000,13.48
T,52,op2~CHI1,100000,4.86,100000,5.16
T,52,op3~CHI1,100000,0.76,100000,0.83
T,52,op4~CHI1,100000,0.04,100000,0.06
T,52,op5~CHI1,100000,0.0,100000,0.02
T,52,op6~CHI1,100000,12.77,100000,13.59
T,52,op7~CHI1,100000,5.57,100000,5.92
T,52,op8~CHI1,100000,1.35,100000,1.46
T,52,op9~CHI1,100000,0.22,100000,0.25
T,52,op10~CHI1,100000,0.01,100000,0.03
T,53,COLD~CHI1,100000,91.72,100000,91.72
T,53,op1~CHI1,100000,11.7,100000,12.43
T,53,op2~CHI1,100000,3.73,100000,3.98
T,53,op3~CHI1,100000,0.53,100000,0.58
T,53,op4~CHI1,100000,0.02,100000,0.04
T,53,op5~CHI1,100000,0.0,100000,0.02
T,53,op6~CHI1,100000,11.62,100000,12.37
T,53,op7~CHI1,100000,4.57,100000,4.87
T,53,op8~CHI1,100000,1.05,100000,1.14
T,53,op9~CHI1,100000,0.15,100000,0.18
T,53,op10~CHI1,100000,0.01,100000,0.03
T,54,COLD~CHI1,100000,91.83,100000,91.83
T,54,op1~CHI1,100000,11.29,100000,12.04
T,54,op2~CHI1,100000,3.77,100000,4.02
T,54,op3~CHI1,100000,0.52,100000,0.58
T,54,op4~CHI1,100000,0.02,100000,0.04
T,54,op5~CHI1,100000,0.0,100000,0.02
T,54,op6~CHI1,100000,10.92,100000,11.68
T,54,op7~CHI1,100000,4.55,100000,4.86
T,54,op8~CHI1,100000,1.07,100000,1.15
T,54,op9~CHI1,100000,0.14,100000,0.17
T,54,op10~CHI1,100000,0.0,100000,0.02
T,55,COLD~CHI1,100000,92.71,100000,92.71
T,55,op1~CHI1,100000,12.69,100000,13.48
T,55,op2~CHI1,100000,4.32,100000,4.61
T,55,op3~CHI1,100000,0.64,100000,0.7
T,55,op4~CHI1,100000,0.03,100000,0.05
T,55,op5~CHI1,100000,0.0,100000,0.02
T,55,op6~CHI1,100000,12.31,100000,13.12
T,55,op7~CHI1,100000,5.06,100000,5.4
T,55,op8~CHI1,100000,1.28,100000,1.38
T,55,op9~CHI1,100000,0.2,100000,0.23
T,55,op10~CHI1,100000,0.01,100000,0.03
T,56,COLD~CHI1,100000,91.49,100000,91.49
T,56,op1~CHI1,100000,11.29,100000,12.01
T,56,op2~CHI1,100000,3.52,100000,3.76
T,56,op3~CHI1,100000,0.44,100000,0.48
T,56,op4~CHI1,100000,0.01,100000,0.03
T,56,op5~CHI1,100000,0.0,100000,0.02
T,56,op6~CHI1,100000,11.63,100000,12.37
T,56,op7~CHI1,100000,4.24,100000,4.53
T,56,op8~CHI1,100000,1.05,100000,1.13
T,56,op9~CHI1,100000,0.13,100000,0.16
T,56,op10~CHI1,100000,0.0,100000,0.02
T,57,COLD~CHI1,100000,91.48,100000,91.48
T,57,op1~CHI1,100000,10.97,100000,11.69
T,57,op2~CHI1,100000,3.52,100000,3.76
T,57,op3~CHI1,100000,0.43,100000,0.47
T,57,op4~CHI1,100000,0.01,100000,0.03
T,57,op5~CHI1,100000,0.0,100000,0.02
T,57,op6~CHI1,100000,11.47,100000,12.21
T,57,op7~CHI1,100000,4.38,100000,4.67
T,57,op8~CHI1,100000,0.93,100000,1.01
T,57,op9~CHI1,100000,0.12,100000,0.14
T,57,op10~CHI1,100000,0.0,100000,0.02
T,58,COLD~CHI1,100000,91.96,100000,91.96
T,58,op1~CHI1,100000,11.64,100000,12.39
T,58,op2~CHI1,100000,3.87,100000,4.12
T,58,op3~CHI1,100000,0.48,100000,0.53
T,58,op4~CHI1,100000,0.01,100000,0.03
T,58,op5~CHI1,100000,0.0,100000,0.02
T,58,op6~CHI1,100000,12.41,100000,13.17
T,58,op7~CHI1,100000,4.65,100000,4.95
T,58,op8~CHI1,100000,1.07,100000,1.15
T,58,op9~CHI1,100000,0.12,100000,0.15
T,58,op10~CHI1,100000,0.0,100000,0.02
T,59,COLD~CHI1,100000,91.6,100000,91.6
T,59,op1~CHI1,100000,10.91,100000,11.63
T,59,op2~CHI1,100000,3.47,100000,3.71
T,59,op3~CHI1,100000,0.4,100000,0.45
T,59,op4~CHI1,100000,0.01,100000,0.03
T,59,op5~CHI1,100000,0.0,100000,0.02
T,59,op6~CHI1,100000,11.84,100000,12.58
T,59,op7~CHI1,100000,4.15,100000,4.44
T,59,op8~CHI1,100000,0.9,100000,0.98
T,59,op9~CHI1,100000,0.1,100000,0.13
T,59,op10~CHI1,100000,0.0,100000,0.02
T,60,COLD~CHI1,100000,86.18,100000,86.18
T,60,op1~CHI1,100000,6.64,100000,7.07
T,60,op2~CHI1,100000,1.08,100000,1.17
T,60,op3~CHI1,100000,0.05,100000,0.08
T,60,op4~CHI1,100000,0.0,100000,0.02
T,60,op5~CHI1,100000,0.0,100000,0.02
T,60,op6~CHI1,100000,6.66,100000,7.12
T,60,op7~CHI1,100000,1.86,100000,1.99
T,60,op8~CHI1,100000,0.24,100000,0.27
T,60,op9~CHI1,100000,0.01,100000,0.03
T,60,op10~CHI1,100000,0.0,100000,0.02
T,61,COLD~CHI1,100000,87.76,100000,87.76
T,61,op1~CHI1,100000,7.75,100000,8.25
T,61,op2~CHI1,100000,1.56,100000,1.67
T,61,op3~CHI1,100000,0.09,100000,0.11
T,61,op4~CHI1,100000,0.0,100000,0.02
T,61,op5~CHI1,100000,0.0,100000,0.02
T,61,op6~CHI1,100000,8.62,100000,9.15
T,61,op7~CHI1,100000,2.35,100000,2.52
T,61,op8~CHI1,100000,0.37,100000,0.41
T,61,op9~CHI1,100000,0.02,100000,0.04
T,61,op10~CHI1,100000,0.0,100000,0.02
T,62,COLD~CHI1,100000,88.04,100000,88.04
T,62,op1~CHI1,100000,8.35,100000,8.87
T,62,op2~CHI1,100000,1.62,100000,1.75
T,62,op3~CHI1,100000,0.08,100000,0.11
T,62,op4~CHI1,100000,0.0,100000,0.02
T,62,op5~CHI1,100000,0.0,100000,0.02
T,62,op6~CHI1,100000,9.16,100000,9.71
T,62,op7~CHI1,100000,2.35,100000,2.52
T,62,op8~CHI1,100000,0.36,100000,0.41
T,62,op9~CHI1,100000,0.02,100000,0.04
T,62,op10~CHI1,100000,0.0,100000,0.02
T,63,COLD~CHI1,100000,89.59,100000,89.59
T,63,op1~CHI1,100000,9.06,100000,9.66
T,63,op2~CHI1,100000,2.34,100000,2.5
T,63,op3~CHI1,100000,0.16,100000,0.19
T,63,op4~CHI1,100000,0.0,100000,0.02
T,63,op5~CHI1,100000,0.0,100000,0.02
T,63,op6~CHI1,100000,10.38,100000,11.01
T,63,op7~CHI1,100000,3.1,100000,3.32
T,63,op8~CHI1,100000,0.55,100000,0.6
T,63,op9~CHI1,100000,0.05,100000,0.07
T,63,op10~CHI1,100000,0.0,100000,0.02
T,64,COLD~CHI1,100000,88.12,100000,88.12
T,64,op1~CHI1,100000,7.88,100000,8.41
T,64,op2~CHI1,100000,1.48,100000,1.6
T,64,op3~CHI1,100000,0.07,100000,0.1
T,64,op4~CHI1,100000,0.0,100000,0.02
T,64,op5~CHI1,100000,0.0,100000,0.02
T,64,op6~CHI1,100000,8.2,100000,8.75
T,64,op7~CHI1,100000,2.46,100000,2.63
T,64,op8~CHI1,100000,0.37,100000,0.41
T,64,op9~CHI1,100000,0.02,100000,0.04
T,64,op10~CHI1,100000,0.0,100000,0.02
T,65,COLD~CHI1,100000,89.25,100000,89.25
T,65,op1~CHI1,100000,9.03,100000,9.62
T,65,op2~CHI1,100000,2.04,100000,2.19
T,65,op3~CHI1,100000,0.12,100000,0.15
T,65,op4~CHI1,100000,0.0,100000,0.02
T,65,op5~CHI1,100000,0.0,100000,0.02
T,65,op6~CHI1,100000,9.31,100000,9.92
T,65,op7~CHI1,100000,2.93,100000,3.14
T,65,op8~CHI1,100000,0.48,100000,0.53
T,65,op9~CHI1,100000,0.03,100000,0.05
T,65,op10~CHI1,100000,0.0,100000,0.02
T,66,COLD~CHI1,100000,88.01,100000,88.01
T,66,op1~CHI1,100000,8.31,100000,8.83
T,66,op2~CHI1,100000,1.51,100000,1.62
T,66,op3~CHI1,100000,0.06,100000,0.08
T,66,op4~CHI1,100000,0.0,100000,0.02
T,66,op5~CHI1,100000,0.0,100000,0.02
T,66,op6~CHI1,100000,8.47,100000,9.02
T,66,op7~CHI1,100000,2.54,100000,2.7
T,66,op8~CHI1,100000,0.33,100000,0.37
T,66,op9~CHI1,100000,0.02,100000,0.04
T,66,op10~CHI1,100000,0.0,100000,0.02
T,67,COLD~CHI1,100000,86.51,100000,86.51
T,67,op1~CHI1,100000,6.75,100000,7.18
T,67,op2~CHI1,100000,0.92,100000,1.01
T,67,op3~CHI1,100000,0.02,100000,0.04
T,67,op4~CHI1,100000,0.0,100000,0.02
T,67,op5~CHI1,100000,0.0,100000,0.02
T,67,op6~CHI1,100000,7.42,100000,7.89
T,67,op7~CHI1,100000,1.87,100000,2.0
T,67,op8~CHI1,100000,0.21,100000,0.24
T,67,op9~CHI1,100000,0.0,100000,0.02
T,67,op10~CHI1,100000,0.0,100000,0.02
T,68,COLD~CHI1,100000,84.6,100000,84.6
T,68,op1~CHI1,100000,5.2,100000,5.53
T,68,op2~CHI1,100000,0.5,100000,0.55
T,68,op3~CHI1,100000,0.0,100000,0.02
T,68,op4~CHI1,100000,0.0,100000,0.02
T,68,op5~CHI1,100000,0.0,100000,0.02
T,68,op6~CHI1,100000,5.95,100000,6.33
T,68,op7~CHI1,100000,1.17,100000,1.27
T,68,op8~CHI1,100000,0.11,100000,0.13
T,68,op9~CHI1,100000,0.0,100000,0.02
T,68,op10~CHI1,100000,0.0,100000,0.02
T,69,COLD~CHI1,100000,84.52,100000,84.52
T,69,op1~CHI1,100000,4.97,100000,5.3
T,69,op2~CHI1,100000,0.49,100000,0.54
T,69,op3~CHI1,100000,0.0,100000,0.02
T,69,op4~CHI1,100000,0.0,100000,0.02
T,69,op5~CHI1,100000,0.0,100000,0.02
T,69,op6~CHI1,100000,5.37,100000,5.74
T,69,op7~CHI1,100000,1.18,100000,1.27
T,69,op8~CHI1,100000,0.09,100000,0.12
T,69,op9~CHI1,100000,0.0,100000,0.02
T,69,op10~CHI1,100000,0.0,100000,0.02
T,70,COLD~CHI1,100000,83.36,100000,83.36
T,70,op1~CHI1,100000,4.29,100000,4.56
T,70,op2~CHI1,100000,0.3,100000,0.33
T,70,op3~CHI1,100000,0.0,100000,0.02
T,70,op4~CHI1,100000,0.0,100000,0.02
T,70,op5~CHI1,100000,0.0,100000,0.02
T,70,op6~CHI1,100000,4.93,100000,5.25
T,70,op7~CHI1,100000,0.84,100000,0.92
T,70,op8~CHI1,100000,0.06,100000,0.08
T,70,op9~CHI1,100000,0.0,100000,0.02
T,70,op10~CHI1,100000,0.0,100000,0.02
T,71,COLD~CHI1,100000,85.46,100000,85.46
T,71,op1~CHI1,100000,5.9,100000,6.27
T,71,op2~CHI1,100000,0.61,100000,0.66
T,71,op3~CHI1,100000,0.0,100000,0.02
T,71,op4~CHI1,100000,0.0,100000,0.02
T,71,op5~CHI1,100000,0.0,100000,0.02
T,71,op6~CHI1,100000,6.42,100000,6.83
T,71,op7~CHI1,100000,1.42,100000,1.53
T,71,op8~CHI1,100000,0.12,100000,0.14
T,71,op9~CHI1,100000,0.0,100000,0.02
T,71,op10~CHI1,100000,0.0,100000,0.02
T,72,COLD~CHI1,100000,84.3,100000,84.3
T,72,op1~CHI1,100000,4.77,100000,5.09
T,72,op2~CHI1,100000,0.39,100000,0.44
T,72,op3~CHI1,100000,0.0,100000,0.02
T,72,op4~CHI1,100000,0.0,100000,0.02
T,72,op5~CHI1,100000,0.0,100000,0.02
T,72,op6~CHI1,100000,5.32,100000,5.67
T,72,op7~CHI1,100000,1.04,100000,1.12
T,72,op8~CHI1,100000,0.08,100000,0.1
T,72,op9~CHI1,100000,0.0,100000,0.02
T,72,op10~CHI1,100000,0.0,100000,0.02
T,73,COLD~CHI1,100000,84.73,100000,84.73
T,73,op1~CHI1,100000,5.05,100000,5.38
T,73,op2~CHI1,100000,0.41,100000,0.45
T,73,op3~CHI1,100000,0.0,100000,0.02
T,73,op4~CHI1,100000,0.0,100000,0.02
T,73,op5~CHI1,100000,0.0,100000,0.02
T,73,op6~CHI1,100000,5.84,100000,6.22
T,73,op7~CHI1,100000,1.1,100000,1.19
T,73,op8~CHI1,100000,0.09,100000,0.11
T,73,op9~CHI1,100000,0.0,100000,0.02
T,73,op10~CHI1,100000,0.0,100000,0.02
T,74,COLD~CHI1,100000,87.74,100000,87.74
T,74,op1~CHI1,100000,7.5,100000,8.0
T,74,op2~CHI1,100000,1.09,100000,1.18
T,74,op3~CHI1,100000,0.02,100000,0.04
T,74,op4~CHI1,100000,0.0,100000,0.02
T,74,op5~CHI1,100000,0.0,100000,0.02
T,74,op6~CHI1,100000,7.78,100000,8.3
T,74,op7~CHI1,100000,2.03,100000,2.17
T,74,op8~CHI1,100000,0.24,100000,0.27
T,74,op9~CHI1,100000,0.0,100000,0.02
T,74,op10~CHI1,100000,0.0,100000,0.02
T,75,COLD~CHI1,100000,88.58,100000,88.58
T,75,op1~CHI1,100000,8.1,100000,8.64
T,75,op2~CHI1,100000,1.4,100000,1.51
T,75,op3~CHI1,100000,0.03,100000,0.05
T,75,op4~CHI1,100000,0.0,100000,0.02
T,75,op5~CHI1,100000,0.0,100000,0.02
T,75,op6~CHI1,100000,9.14,100000,9.71
T,75,op7~CHI1,100000,2.5,100000,2.67
T,75,op8~CHI1,100000,0.29,100000,0.32
T,75,op9~CHI1,100000,0.01,100000,0.03
T,75,op10~CHI1,100000,0.0,100000,0.02
T,76,COLD~CHI1,100000,87.56,100000,87.56
T,76,op1~CHI1,100000,7.54,100000,8.02
T,76,op2~CHI1,100000,1.01,100000,1.1
T,76,op3~CHI1,100000,0.01,100000,0.03
T,76,op4~CHI1,100000,0.0,100000,0.02
T,76,op5~CHI1,100000,0.0,100000,0.02
T,76,op6~CHI1,100000,8.16,100000,8.67
T,76,op7~CHI1,100000,1.9,100000,2.04
T,76,op8~CHI1,100000,0.2,100000,0.23
T,76,op9~CHI1,100000,0.0,100000,0.02
T,76,op10~CHI1,100000,0.0,100000,0.02
T,77,COLD~CHI1,100000,91.38,100000,91.38
T,77,op1~CHI1,100000,11.24,100000,11.94
T,77,op2~CHI1,100000,2.93,100000,3.12
T,77,op3~CHI1,100000,0.1,100000,0.12
T,77,op4~CHI1,100000,0.0,100000,0.02
T,77,op5~CHI1,100000,0.0,100000,0.02
T,77,op6~CHI1,100000,11.02,100000,11.74
T,77,op7~CHI1,100000,3.99,100000,4.25
T,77,op8~CHI1,100000,0.59,100000,0.65
T,77,op9~CHI1,100000,0.03,100000,0.05
T,77,op10~CHI1,100000,0.0,100000,0.02
T,78,COLD~CHI1,100000,88.41,100000,88.41
T,78,op1~CHI1,100000,8.34,100000,8.87
T,78,op2~CHI1,100000,1.22,100000,1.31
T,78,op3~CHI1,100000,0.01,100000,0.03
T,78,op4~CHI1,100000,0.0,100000,0.02
T,78,op5~CHI1,100000,0.0,100000,0.02
T,78,op6~CHI1,100000,8.56,100000,9.11
T,78,op7~CHI1,100000,2.23,100000,2.39
T,78,op8~CHI1,100000,0.24,100000,0.27
T,78,op9~CHI1,100000,0.0,100000,0.02
T,78,op10~CHI1,100000,0.0,100000,0.02
T,79,COLD~CHI1,100000,87.28,100000,87.28
T,79,op1~CHI1,100000,7.08,100000,7.55
T,79,op2~CHI1,100000,0.77,100000,0.84
T,79,op3~CHI1,100000,0.0,100000,0.02
T,79,op4~CHI1,100000,0.0,100000,0.02
T,79,op5~CHI1,100000,0.0,100000,0.02
T,79,op6~CHI1,100000,7.82,100000,8.32
T,79,op7~CHI1,100000,1.69,100000,1.82
T,79,op8~CHI1,100000,0.16,100000,0.19
T,79,op9~CHI1,100000,0.0,100000,0.02
T,79,op10~CHI1,100000,0.0,100000,0.02
T,80,COLD~CHI1,100000,85.14,100000,85.14
T,80,op1~CHI1,100000,5.11,100000,5.45
T,80,op2~CHI1,100000,0.3,100000,0.34
T,80,op3~CHI1,100000,0.0,100000,0.02
T,80,op4~CHI1,100000,0.0,100000,0.02
T,80,op5~CHI1,100000,0.0,100000,0.02
T,80,op6~CHI1,100000,5.7,100000,6.08
T,80,op7~CHI1,100000,1.12,100000,1.2
T,80,op8~CHI1,100000,0.06,100000,0.08
T,80,op9~CHI1,100000,0.0,100000,0.02
T,80,op10~CHI1,100000,0.0,100000,0.02
T,81,COLD~CHI1,100000,83.29,100000,83.29
T,81,op1~CHI1,100000,3.73,100000,3.98
T,81,op2~CHI1,100000,0.1,100000,0.13
T,81,op3~CHI1,100000,0.0,100000,0.02
T,81,op4~CHI1,100000,0.0,100000,0.02
T,81,op5~CHI1,100000,0.0,100000,0.02
T,81,op6~CHI1,100000,4.47,100000,4.77
T,81,op7~CHI1,100000,0.62,100000,0.68
T,81,op8~CHI1,100000,0.02,100000,0.04
T,81,op9~CHI1,100000,0.0,100000,0.02
T,81,op10~CHI1,100000,0.0,100000,0.02
T,82,COLD~CHI1,100000,81.48,100000,81.48
T,82,op1~CHI1,100000,2.36,100000,2.52
T,82,op2~CHI1,100000,0.02,100000,0.04
T,82,op3~CHI1,100000,0.0,100000,0.02
T,82,op4~CHI1,100000,0.0,100000,0.02
T,82,op5~CHI1,100000,0.0,100000,0.02
T,82,op6~CHI1,100000,3.41,100000,3.63
T,82,op7~CHI1,100000,0.34,100000,0.38
T,82,op8~CHI1,100000,0.0,100000,0.02
T,82,op9~CHI1,100000,0.0,100000,0.02
T,82,op10~CHI1,100000,0.0,100000,0.02
T,83,COLD~CHI1,100000,82.37,100000,82.37
T,83,op1~CHI1,100000,2.83,100000,3.03
T,83,op2~CHI1,100000,0.04,100000,0.06
T,83,op3~CHI1,100000,0.0,100000,0.02
T,83,op4~CHI1,100000,0.0,100000,0.02
T,83,op5~CHI1,100000,0.0,100000,0.02
T,83,op6~CHI1,100000,3.95,100000,4.21
T,83,op7~CHI1,100000,0.44,100000,0.49
T,83,op8~CHI1,100000,0.01,100000,0.03
T,83,op9~CHI1,100000,0.0,100000,0.02
T,83,op10~CHI1,100000,0.0,100000,0.02
T,84,COLD~CHI1,100000,80.14,100000,80.14
T,84,op1~CHI1,100000,1.5,100000,1.61
T,84,op2~CHI1,100000,0.0,100000,0.02
T,84,op3~CHI1,100000,0.0,100000,0.02
T,84,op4~CHI1,100000,0.0,100000,0.02
T,84,op5~CHI1,100000,0.0,100000,0.02
T,84,op6~CHI1,100000,2.4,100000,2.57
T,84,op7~CHI1,100000,0.19,100000,0.23
T,84,op8~CHI1,100000,0.0,100000,0.02
T,84,op9~CHI1,100000,0.0,100000,0.02
T,84,op10~CHI1,100000,0.0,100000,0.02
T,85,COLD~CHI1,100000,80.3,100000,80.3
T,85,op1~CHI1,100000,1.48,100000,1.6
T,85,op2~CHI1,100000,0.0,100000,0.02
T,85,op3~CHI1,100000,0.0,100000,0.02
T,85,op4~CHI1,100000,0.0,100000,0.02
T,85,op5~CHI1,100000,0.0,100000,0.02
T,85,op6~CHI1,100000,2.68,100000,2.86
T,85,op7~CHI1,100000,0.2,100000,0.23
T,85,op8~CHI1,100000,0.0,100000,0.02
T,85,op9~CHI1,100000,0.0,100000,0.02
T,85,op10~CHI1,100000,0.0,100000,0.02
T,86,COLD~CHI1,100000,80.38,100000,80.38
T,86,op1~CHI1,100000,1.47,100000,1.58
T,86,op2~CHI1,100000,0.0,100000,0.02
T,86,op3~CHI1,100000,0.0,100000,0.02
T,86,op4~CHI1,100000,0.0,100000,0.02
T,86,op5~CHI1,100000,0.0,100000,0.02
T,86,op6~CHI1,100000,2.63,100000,2.81
T,86,op7~CHI1,100000,0.21,100000,0.24
T,86,op8~CHI1,100000,0.0,100000,0.02
T,86,op9~CHI1,100000,0.0,100000,0.02
T,86,op10~CHI1,100000,0.0,100000,0.02
T,87,COLD~CHI1,100000,82.98,100000,82.98
T,87,op1~CHI1,100000,3.25,100000,3.47
T,87,op2~CHI1,100000,0.02,100000,0.04
T,87,op3~CHI1,100000,0.0,100000,0.02
T,87,op4~CHI1,100000,0.0,100000,0.02
T,87,op5~CHI1,100000,0.0,100000,0.02
T,87,op6~CHI1,100000,4.19,100000,4.47
T,87,op7~CHI1,100000,0.48,100000,0.53
T,87,op8~CHI1,100000,0.01,100000,0.03
T,87,op9~CHI1,100000,0.0,100000,0.02
T,87,op10~CHI1,100000,0.0,100000,0.02
T,88,COLD~CHI1,100000,83.08,100000,83.08
T,88,op1~CHI1,100000,3.26,100000,3.48
T,88,op2~CHI1,100000,0.01,100000,0.03
T,88,op3~CHI1,100000,0.0,100000,0.02
T,88,op4~CHI1,100000,0.0,100000,0.02
T,88,op5~CHI1,100000,0.0,100000,0.02
T,88,op6~CHI1,100000,4.33,100000,4.61
T,88,op7~CHI1,100000,0.47,100000,0.52
T,88,op8~CHI1,100000,0.01,100000,0.03
T,88,op9~CHI1,100000,0.0,100000,0.02
T,88,op10~CHI1,100000,0.0,100000,0.02
T,89,COLD~CHI1,100000,83.42,100000,83.42
T,89,op1~CHI1,100000,3.65,100000,3.88
T,89,op2~CHI1,100000,0.01,100000,0.03
T,89,op3~CHI1,100000,0.0,100000,0.02
T,89,op4~CHI1,100000,0.0,100000,0.02
T,89,op5~CHI1,100000,0.0,100000,0.02
T,89,op6~CHI1,100000,4.53,100000,4.82
T,89,op7~CHI1,100000,0.49,100000,0.55
T,89,op8~CHI1,100000,0.01,100000,0.03
T,89,op9~CHI1,100000,0.0,100000,0.02
T,89,op10~CHI1,100000,0.0,100000,0.02
T,90,COLD~CHI1,100000,81.76,100000,81.76
T,90,op1~CHI1,100000,2.12,100000,2.28
T,90,op2~CHI1,100000,0.0,100000,0.02
T,90,op3~CHI1,100000,0.0,100000,0.02
T,90,op4~CHI1,100000,0.0,100000,0.02
T,90,op5~CHI1,100000,0.0,100000,0.02
T,90,op6~CHI1,100000,3.39,100000,3.61
T,90,op7~CHI1,100000,0.26,100000,0.29
T,90,op8~CHI1,100000,0.0,100000,0.02
T,90,op9~CHI1,100000,0.0,100000,0.02
T,90,op10~CHI1,100000,0.0,100000,0.02
T,91,COLD~CHI1,100000,83.97,100000,83.97
T,91,op1~CHI1,100000,3.88,100000,4.14
T,91,op2~CHI1,100000,0.01,100000,0.03
T,91,op3~CHI1,100000,0.0,100000,0.02
T,91,op4~CHI1,100000,0.0,100000,0.02
T,91,op5~CHI1,100000,0.0,100000,0.02
T,91,op6~CHI1,100000,4.83,100000,5.14
T,91,op7~CHI1,100000,0.57,100000,0.62
T,91,op8~CHI1,100000,0.01,100000,0.03
T,91,op9~CHI1,100000,0.0,100000,0.02
T,91,op10~CHI1,100000,0.0,100000,0.02
T,92,COLD~CHI1,100000,84.14,100000,84.14
T,92,op1~CHI1,100000,4.14,100000,4.41
T,92,op2~CHI1,100000,0.0,100000,0.02
T,92,op3~CHI1,100000,0.0,100000,0.02
T,92,op4~CHI1,100000,0.0,100000,0.02
T,92,op5~CHI1,100000,0.0,100000,0.02
T,92,op6~CHI1,100000,4.86,100000,5.18
T,92,op7~CHI1,100000,0.59,100000,0.65
T,92,op8~CHI1,100000,0.01,100000,0.03
T,92,op9~CHI1,100000,0.0,100000,0.02
T,92,op10~CHI1,100000,0.0,100000,0.02
T,93,COLD~CHI1,100000,85.13,100000,85.13
T,93,op1~CHI1,100000,5.09,100000,5.42
T,93,op2~CHI1,100000,0.02,100000,0.04
T,93,op3~CHI1,100000,0.0,100000,0.02
T,93,op4~CHI1,100000,0.0,100000,0.02
T,93,op5~CHI1,100000,0.0,100000,0.02
T,93,op6~CHI1,100000,5.77,100000,6.13
T,93,op7~CHI1,100000,0.75,100000,0.82
T,93,op8~CHI1,100000,0.02,100000,0.04
T,93,op9~CHI1,100000,0.0,100000,0.02
T,93,op10~CHI1,100000,0.0,100000,0.02
T,94,COLD~CHI1,100000,84.42,100000,84.42
T,94,op1~CHI1,100000,4.2,100000,4.49
T,94,op2~CHI1,100000,0.0,100000,0.02
T,94,op3~CHI1,100000,0.0,100000,0.02
T,94,op4~CHI1,100000,0.0,100000,0.02
T,94,op5~CHI1,100000,0.0,100000,0.02
T,94,op6~CHI1,100000,4.89,100000,5.22
T,94,op7~CHI1,100000,0.56,100000,0.61
T,94,op8~CHI1,100000,0.01,100000,0.03
T,94,op9~CHI1,100000,0.0,100000,0.02
T,94,op10~CHI1,100000,0.0,100000,0.02
T,95,COLD~CHI1,100000,80.8,100000,80.8
T,95,op1~CHI1,100000,1.18,100000,1.27
T,95,op2~CHI1,100000,0.0,100000,0.02
T,95,op3~CHI1,100000,0.0,100000,0.02
T,95,op4~CHI1,100000,0.0,100000,0.02
T,95,op5~CHI1,100000,0.0,100000,0.02
T,95,op6~CHI1,100000,2.5,100000,2.67
T,95,op7~CHI1,100000,0.14,100000,0.17
T,95,op8~CHI1,100000,0.0,100000,0.02
T,95,op9~CHI1,100000,0.0,100000,0.02
T,95,op10~CHI1,100000,0.0,100000,0.02
T,96,COLD~CHI1,100000,83.44,100000,83.44
T,96,op1~CHI1,100000,3.51,100000,3.74
T,96,op2~CHI1,100000,0.0,100000,0.02
T,96,op3~CHI1,100000,0.0,100000,0.02
T,96,op4~CHI1,100000,0.0,100000,0.02
T,96,op5~CHI1,100000,0.0,100000,0.02
T,96,op6~CHI1,100000,4.21,100000,4.49
T,96,op7~CHI1,100000,0.39,100000,0.43
T,96,op8~CHI1,100000,0.0,100000,0.02
T,96,op9~CHI1,100000,0.0,100000,0.02
T,96,op10~CHI1,100000,0.0,100000,0.02
T,97,COLD~CHI1,100000,79.62,100000,79.62
T,97,op1~CHI1,100000,0.34,100000,0.38
T,97,op2~CHI1,100000,0.0,100000,0.02
T,97,op3~CHI1,100000,0.0,100000,0.02
T,97,op4~CHI1,100000,0.0,100000,0.02
T,97,op5~CHI1,100000,0.0,100000,0.02
T,97,op6~CHI1,100000,1.81,100000,1.95
T,97,op7~CHI1,100000,0.06,100000,0.08
T,97,op8~CHI1,100000,0.0,100000,0.02
T,97,op9~CHI1,100000,0.0,100000,0.02
T,97,op10~CHI1,100000,0.0,100000,0.02
T,98,COLD~CHI1,100000,77.38,100000,77.38
T,98,op1~CHI1,100000,0.0,100000,0.02
T,98,op2~CHI1,100000,0.0,100000,0.02
T,98,op3~CHI1,100000,0.0,100000,0.02
T,98,op4~CHI1,100000,0.0,100000,0.02
T,98,op5~CHI1,100000,0.0,100000,0.02
T,98,op6~CHI1,100000,0.97,100000,1.05
T,98,op7~CHI1,100000,0.01,100000,0.03
T,98,op8~CHI1,100000,0.0,100000,0.02
T,98,op9~CHI1,100000,0.0,100000,0.02
T,98,op10~CHI1,100000,0.0,100000,0.02
T,99,COLD~CHI1,100000,78.32,100000,78.32
T,99,op1~CHI1,100000,0.0,100000,0.02
T,99,op2~CHI1,100000,0.0,100000,0.02
T,99,op3~CHI1,100000,0.0,100000,0.02
T,99,op4~CHI1,100000,0.0,100000,0.02
T,99,op5~CHI1,100000,0.0,100000,0.02
T,99,op6~CHI1,100000,1.32,100000,1.42
T,99,op7~CHI1,100000,0.02,100000,0.04
T,99,op8~CHI1,100000,0.0,100000,0.02
T,99,op9~CHI1,100000,0.0,100000,0.02
T,99,op10~CHI1,100000,0.0,100000,0.02
